spec,outcome,term,coef,se,ci_low,ci_high,p,n_obs,n_countries,years,r2_within
A_main,out_anaemia_wra_fs_pct,feat_gd_stock_anaemia_policies_lag3,-0.2093543294171165,0.21079325347435393,-0.6230439889517915,0.20433533011755844,0.32088557152678865,994,49,2003-2023,0.023316082311128694
A_main,out_anaemia_wra_fs_pct,log_gdp_pc_constant,2.072237136729363,1.7296126992036773,-1.3221926036298242,5.466666877088549,0.23118830501475918,994,49,2003-2023,0.023316082311128694
A_main_std_overall,out_anaemia_wra_fs_pct,feat_gd_stock_anaemia_policies_lag3_z,-0.4430402625788708,0.44608534549606915,-1.3184994704046507,0.432418945246909,0.3208855715267891,994,49,2003-2023,0.023316082311128694
A_main_std_overall,out_anaemia_wra_fs_pct,log_gdp_pc_constant_z,1.9477639386398684,1.625719944696885,-1.2427723775625366,5.138300254842274,0.2311883050147594,994,49,2003-2023,0.023316082311128694
lag2,out_anaemia_wra_fs_pct,feat_gd_stock_anaemia_policies_lag2,-0.24820494094353007,0.20804331882769742,-0.656472303260055,0.16006242137299492,0.23314397159698697,1041,49,2002-2023,0.028429248222479497
lag2,out_anaemia_wra_fs_pct,log_gdp_pc_constant,2.0928383008578875,1.7044741920715598,-1.2520476894967376,5.437724291212513,0.21980152846469547,1041,49,2002-2023,0.028429248222479497
lag5,out_anaemia_wra_fs_pct,feat_gd_stock_anaemia_policies_lag5,-0.15605092816941507,0.2104492582682124,-0.5691255294765785,0.2570236731377484,0.4585917591163735,900,49,2005-2023,0.017793183840642435
lag5,out_anaemia_wra_fs_pct,log_gdp_pc_constant,1.977359154415779,1.723790194850106,-1.4061355337308996,5.360853842562458,0.2516705875534515,900,49,2005-2023,0.017793183840642435
drop_thin,out_anaemia_wra_fs_pct,feat_gd_stock_anaemia_policies_lag3,-0.2140887335417788,0.21156966209991274,-0.6293111304862953,0.20113366340273772,0.3118522886156796,977,47,2003-2023,0.027703496806229078
drop_thin,out_anaemia_wra_fs_pct,log_gdp_pc_constant,2.459636685868922,1.8249049223026412,-1.1218852984905832,6.041158670228427,0.17805362821992166,977,47,2003-2023,0.027703496806229078
income_current_usd,out_anaemia_wra_fs_pct,feat_gd_stock_anaemia_policies_lag3,-0.15359562773073346,0.19339277781451325,-0.5331308605367335,0.2259396050752666,0.4272716864944295,1004,49,2003-2023,0.0077644824589770955
income_current_usd,out_anaemia_wra_fs_pct,log_gdp_pc_current,-0.07237412699258461,0.7959013856260015,-1.6343384417815587,1.4895901877963895,0.9275649214290769,1004,49,2003-2023,0.0077644824589770955
lead_test_only,out_anaemia_wra_fs_pct,feat_gd_stock_anaemia_policies_lead3,-0.3422764182857301,0.15941053847152142,-0.6550883459600036,-0.029464490611456506,0.032018640060579084,1088,49,2000-2022,0.04551200391343191
lead_test_only,out_anaemia_wra_fs_pct,log_gdp_pc_constant,1.6917318514494522,1.4061562331204704,-1.067574064653395,4.451037767552299,0.22922221844500434,1088,49,2000-2022,0.04551200391343191
lead_test_with_lag,out_anaemia_wra_fs_pct,feat_gd_stock_anaemia_policies_lead3,-0.27366212925753014,0.1350632688724002,-0.5387475302551296,-0.008576728259930722,0.04304922253366561,947,49,2003-2022,0.047048295803646
lead_test_with_lag,out_anaemia_wra_fs_pct,feat_gd_stock_anaemia_policies_lag3,-0.17232096583246836,0.19007587500199882,-0.545378274200123,0.20073634253518624,0.3648727343397882,947,49,2003-2022,0.047048295803646
lead_test_with_lag,out_anaemia_wra_fs_pct,log_gdp_pc_constant,2.288216124497764,1.7132692209978762,-1.0743758093175866,5.650808058313114,0.1820319660654548,947,49,2003-2022,0.047048295803646
trend_main,out_anaemia_wra_fs_pct,feat_gd_stock_anaemia_policies_lag3,-0.017250546972206182,0.05544318272195045,-0.12591718829550247,0.0914160943510901,0.7556948092451614,994,49,2003-2023,0.0013991271513563719
trend_main,out_anaemia_wra_fs_pct,log_gdp_pc_constant,-0.28122706672703757,1.006411844710372,-2.2537580359738847,1.6913039025198093,0.7799107299490748,994,49,2003-2023,0.0013991271513563719
trend_lead,out_anaemia_wra_fs_pct,feat_gd_stock_anaemia_policies_lead3,-0.027872991105528544,0.0714416396260849,-0.1678960317691445,0.11215004955808741,0.6964252654259354,1088,49,2000-2022,0.0025446029255813407
trend_lead,out_anaemia_wra_fs_pct,log_gdp_pc_constant,0.3406251699533094,0.9012618895701341,-1.4258156742426689,2.1070660141492876,0.7054733109405209,1088,49,2000-2022,0.0025446029255813407
fd,d1_out_anaemia_wra_fs_pct,d1_feat_gd_stock_anaemia_policies_lag3,-0.012858370966062526,0.01576348830742233,-0.04375424031932855,0.018037498387203497,0.41466834383036644,945,49,2004-2023,0.5503390830810708
fd,d1_out_anaemia_wra_fs_pct,d1_log_gdp_pc_constant,0.0266851245436108,0.3385384284656067,-0.6368380026317678,0.6902082517189895,0.9371722113503224,945,49,2004-2023,0.5503390830810708
longdiff5,d5_out_anaemia_wra_fs_pct,d5_feat_gd_stock_anaemia_policies_lag3,-0.05778608933461966,0.0904319332206308,-0.23502942149938727,0.11945724283014797,0.5228223275711588,749,49,2008-2023,0.47305072782455193
longdiff5,d5_out_anaemia_wra_fs_pct,d5_log_gdp_pc_constant,0.40638177526459934,1.0732338027350403,-1.697117825087045,2.5098813756162435,0.7049465446569421,749,49,2008-2023,0.47305072782455193
ldv,out_anaemia_wra_fs_pct,feat_gd_stock_anaemia_policies_lag3,-0.02483658319718056,0.017442147181187233,-0.05902256348535436,0.009349397090993243,0.15446363993504786,994,49,2003-2023,0.9992593836939819
ldv,out_anaemia_wra_fs_pct,out_anaemia_wra_fs_pct_l1,0.9872067587995543,0.002691436496153597,0.9819316402004166,0.9924818773986921,0.0,994,49,2003-2023,0.9992593836939819
ldv,out_anaemia_wra_fs_pct,log_gdp_pc_constant,0.01560003204169999,0.04345794078000064,-0.06957596672937577,0.10077603081277575,0.7196186503410262,994,49,2003-2023,0.9992593836939819
ctx_all,out_anaemia_wra_fs_pct,feat_gd_stock_anaemia_policies_lag3,-0.051987920230001414,0.16161675875474557,-0.36919737665044505,0.2652215361904422,0.7477777920982276,931,46,2003-2023,0.10507564463594021
ctx_all,out_anaemia_wra_fs_pct,log_gdp_pc_constant,1.3048958355042168,1.4662746229932768,-1.572999871020902,4.182791542029336,0.3737472011504479,931,46,2003-2023,0.10507564463594021
ctx_all,out_anaemia_wra_fs_pct,feat_malaria_incidence_per1000,0.011067171439327308,0.004567434191565619,0.002102548411951219,0.020031794466703397,0.015595875162821127,931,46,2003-2023,0.10507564463594021
ctx_all,out_anaemia_wra_fs_pct,feat_fertility_rate,-0.18019066653249285,0.9741041212339903,-2.0920904049899995,1.7317090719250137,0.8532876229391391,931,46,2003-2023,0.10507564463594021
ctx_all,out_anaemia_wra_fs_pct,feat_urban_pct,-0.03384258201368577,0.08861743916690663,-0.20777435693663,0.14008919290925848,0.7026333823955047,931,46,2003-2023,0.10507564463594021
ctx_malaria,out_anaemia_wra_fs_pct,feat_gd_stock_anaemia_policies_lag3,-0.03684562820925596,0.161093344768689,-0.35302673238266014,0.2793354759641482,0.8191390699475161,931,46,2003-2023,0.10290061831575481
ctx_malaria,out_anaemia_wra_fs_pct,log_gdp_pc_constant,1.4005388630585722,1.353319026078517,-1.255647241828545,4.056724967945689,0.30100964806510877,931,46,2003-2023,0.10290061831575481
ctx_malaria,out_anaemia_wra_fs_pct,feat_malaria_incidence_per1000,0.011131576419767104,0.004342930118729889,0.002607621303808502,0.019655531535725704,0.010541428685060694,931,46,2003-2023,0.10290061831575481
ctx_fertility,out_anaemia_wra_fs_pct,feat_gd_stock_anaemia_policies_lag3,-0.1309946191437081,0.19382589169710807,-0.5113857370358785,0.24939649874846234,0.4993139108445952,994,49,2003-2023,0.037771212165206736
ctx_fertility,out_anaemia_wra_fs_pct,log_gdp_pc_constant,2.2389887508637303,1.8323038168436487,-1.3569812772088694,5.83495877893633,0.2220377963953033,994,49,2003-2023,0.037771212165206736
ctx_fertility,out_anaemia_wra_fs_pct,feat_fertility_rate,1.0589843209194765,1.1147826944547639,-1.1288216096378418,3.246790251476795,0.3423881876674666,994,49,2003-2023,0.037771212165206736
ctx_urban,out_anaemia_wra_fs_pct,feat_gd_stock_anaemia_policies_lag3,-0.20645743301654876,0.20387920419975136,-0.606578581545575,0.19366371551247744,0.31149501015716585,994,49,2003-2023,0.03799506067411118
ctx_urban,out_anaemia_wra_fs_pct,log_gdp_pc_constant,1.797523657918315,1.5996026526478033,-1.3417609644624924,4.936808280299122,0.26141950589182006,994,49,2003-2023,0.03799506067411118
ctx_urban,out_anaemia_wra_fs_pct,feat_urban_pct,-0.10234205102383605,0.12206880924274463,-0.34190700491645654,0.1372229028687844,0.4020254032113795,994,49,2003-2023,0.03799506067411118
ctx_hiv,out_anaemia_wra_fs_pct,feat_gd_stock_anaemia_policies_lag3,-0.012074106512923479,0.1780540038276491,-0.36155590461321985,0.33740769158737294,0.9459517996961406,910,45,2003-2023,0.03912313730156014
ctx_hiv,out_anaemia_wra_fs_pct,log_gdp_pc_constant,0.19135486797948564,1.8116387899508233,-3.364503288589205,3.7472130245481763,0.9159048179330189,910,45,2003-2023,0.03912313730156014
ctx_hiv,out_anaemia_wra_fs_pct,feat_hiv_prev_pct,-0.442004136623893,0.28292101094295696,-0.9973173646286222,0.11330909138083628,0.11859587616871736,910,45,2003-2023,0.03912313730156014
ctx_sanitation,out_anaemia_wra_fs_pct,feat_gd_stock_anaemia_policies_lag3,-0.22231361346614287,0.1907141758250972,-0.5966043512592564,0.15197712432697064,0.2440452309893435,982,49,2003-2023,0.018503126061787167
ctx_sanitation,out_anaemia_wra_fs_pct,log_gdp_pc_constant,1.7297491511457266,2.0023469973979418,-2.2000055811990062,5.659503883490459,0.3878919767989666,982,49,2003-2023,0.018503126061787167
ctx_sanitation,out_anaemia_wra_fs_pct,feat_sanitation_basic_pct,0.02346083874549793,0.07238877926001334,-0.11860751815536183,0.16552919564635768,0.7459406158355821,982,49,2003-2023,0.018503126061787167
team_unemployment,out_anaemia_wra_fs_pct,feat_gd_stock_anaemia_policies_lag3,-0.17080228621909482,0.22484381503032208,-0.6120808467067038,0.27047627426851417,0.4476633752339714,972,48,2003-2023,0.028193783877212497
team_unemployment,out_anaemia_wra_fs_pct,log_gdp_pc_constant,1.9816396874678752,1.8769768020825897,-1.7021157281744979,5.6653951031102485,0.2913602335000425,972,48,2003-2023,0.028193783877212497
team_unemployment,out_anaemia_wra_fs_pct,feat_unemployment_pct,0.14288653480074223,0.11298100623488765,-0.07885003281197722,0.3646231024134617,0.20630763855983547,972,48,2003-2023,0.028193783877212497
team_employment,out_anaemia_wra_fs_pct,feat_gd_stock_anaemia_policies_lag3,-0.17294895574663596,0.22828468361062518,-0.6209805662736175,0.27508265478034555,0.44888731099406587,972,48,2003-2023,0.016926866380095218
team_employment,out_anaemia_wra_fs_pct,log_gdp_pc_constant,1.918316606898418,1.8469546463343178,-1.7065173139741496,5.543150527770986,0.29925193988140975,972,48,2003-2023,0.016926866380095218
team_employment,out_anaemia_wra_fs_pct,feat_employment_pop_pct,-0.004009471292004658,0.0931313791326928,-0.18678915288724074,0.17877021030323142,0.9656697993083911,972,48,2003-2023,0.016926866380095218
impl_sth,out_anaemia_wra_fs_pct,feat_sth_pc_coverage_sac_pct_lag3,0.0010105868949777442,0.003907948368539482,-0.006662528598075517,0.008683702388031006,0.7960239407562213,744,46,2006-2023,0.0035782452351332816
impl_sth,out_anaemia_wra_fs_pct,log_gdp_pc_constant,0.9238700204231587,1.828254859470791,-2.6658423719895588,4.513582412835876,0.6134918306717032,744,46,2006-2023,0.0035782452351332816
impl_sth_with_policy,out_anaemia_wra_fs_pct,feat_sth_pc_coverage_sac_pct_lag3,0.0009987546326170817,0.0038879715265947436,-0.006635157158046811,0.008632666423280973,0.7973468606688192,744,46,2006-2023,0.0036291308645750586
impl_sth_with_policy,out_anaemia_wra_fs_pct,feat_gd_stock_anaemia_policies_lag3,0.012150803567142453,0.17644575627720632,-0.33429497928994284,0.3585965864242277,0.9451179846130728,744,46,2006-2023,0.0036291308645750586
impl_sth_with_policy,out_anaemia_wra_fs_pct,log_gdp_pc_constant,0.8925678053753363,1.8519342108212395,-2.743647714933357,4.52878332568403,0.6299862212570431,744,46,2006-2023,0.0036291308645750586
alt_logstock_anaemia_policies,out_anaemia_wra_fs_pct,feat_gd_logstock_anaemia_policies_lag3,-0.5657275933732735,0.5406096700081792,-1.626694330404287,0.4952391436577399,0.295621641215559,994,49,2003-2023,0.02024328378276341
alt_logstock_anaemia_policies,out_anaemia_wra_fs_pct,log_gdp_pc_constant,1.9812985148683775,1.6883039119895429,-1.3320611825139133,5.294658212250669,0.24088055489317783,994,49,2003-2023,0.02024328378276341
alt_team_anemia_programming_intensity,out_anaemia_wra_fs_pct,feat_gifna_anemia_programming_intensity_lag3,-0.17676692339101893,0.11878918629070874,-0.4098951531755799,0.056361306393542004,0.13707332360564517,994,49,2003-2023,0.042764651929761865
alt_team_anemia_programming_intensity,out_anaemia_wra_fs_pct,log_gdp_pc_constant,2.185418949653054,1.6957026636794759,-1.1424610751929545,5.513298974499062,0.19779109356080715,994,49,2003-2023,0.042764651929761865
alt_team_anemia_programming_intensity_trend,out_anaemia_wra_fs_pct,feat_gifna_anemia_programming_intensity_lag3,0.04217536642485599,0.030549281458070482,-0.017700124986539424,0.1020508578362514,0.1674117674740988,994,49,2003-2023,0.010848145604485326
alt_team_anemia_programming_intensity_trend,out_anaemia_wra_fs_pct,log_gdp_pc_constant,-0.2593846773894497,0.999413536922089,-2.2181992154185357,1.6994298606396363,0.795221025680257,994,49,2003-2023,0.010848145604485326
alt_stock_anaemia,out_anaemia_wra_fs_pct,feat_gd_stock_anaemia_lag3,-0.08347574104407258,0.11893935499057239,-0.3168986825297692,0.14994720044162402,0.482959318279617,994,49,2003-2023,0.014415169066254174
alt_stock_anaemia,out_anaemia_wra_fs_pct,log_gdp_pc_constant,1.7945323787008782,1.6628439977424838,-1.468861282847494,5.05792604024925,0.28078288594496126,994,49,2003-2023,0.014415169066254174
alt_logstock_anaemia,out_anaemia_wra_fs_pct,feat_gd_logstock_anaemia_lag3,-0.277817617046247,0.41283516910450563,-1.088022107635228,0.5323868735427342,0.5011472544990496,994,49,2003-2023,0.013184964395745569
alt_logstock_anaemia,out_anaemia_wra_fs_pct,log_gdp_pc_constant,1.731542145007041,1.642135947873303,-1.491211192627688,4.95429548264177,0.29195513572125,994,49,2003-2023,0.013184964395745569
alt_any_anaemia_policies,out_anaemia_wra_fs_pct,feat_gd_any_anaemia_policies_lag3,0.8106254221064839,0.6691135865701077,-0.5025350669311337,2.1237859111441013,0.22601715874312167,994,49,2003-2023,0.02388133728521802
alt_any_anaemia_policies,out_anaemia_wra_fs_pct,log_gdp_pc_constant,1.2418831249523816,1.4765900275565522,-1.655980140137766,4.1397463900425295,0.4005388622321031,994,49,2003-2023,0.02388133728521802
alt_any_anaemia_policies_trend,out_anaemia_wra_fs_pct,feat_gd_any_anaemia_policies_lag3,-0.7164459889523491,0.2484608989754174,-1.203420402510612,-0.2294715753940862,0.003932374847185189,994,49,2003-2023,0.06804281206404739
alt_any_anaemia_policies_trend,out_anaemia_wra_fs_pct,log_gdp_pc_constant,-0.12988477215641359,0.9512256697279282,-1.9942528259931451,1.734483281680318,0.8913907327769572,994,49,2003-2023,0.06804281206404739
alt_any_fortification,out_anaemia_wra_fs_pct,feat_gd_any_fortification_lag3,-0.49276243576307854,0.8344682052098866,-2.130437560635086,1.1449126891089287,0.5549928404632065,994,49,2003-2023,0.013450150514415005
alt_any_fortification,out_anaemia_wra_fs_pct,log_gdp_pc_constant,1.6241919314091902,1.528463641288802,-1.3754752446222465,4.623859107440627,0.28822753591204897,994,49,2003-2023,0.013450150514415005
alt_any_fortification_trend,out_anaemia_wra_fs_pct,feat_gd_any_fortification_lag3,0.6670648268065058,0.32762338033511984,0.02493480085640276,1.3091948527566089,0.04174311499123274,994,49,2003-2023,0.02816684363428057
alt_any_fortification_trend,out_anaemia_wra_fs_pct,log_gdp_pc_constant,-0.333683521863124,1.011079094921805,-2.315362133431216,1.6479950897049682,0.7413794702464902,994,49,2003-2023,0.02816684363428057
alt_team_policy_count_active,out_anaemia_wra_fs_pct,feat_gifna_policy_count_active_lag3,-0.015688254927982644,0.09296847684335471,-0.19814237477705057,0.16676586492108528,0.8660317451893107,994,49,2003-2023,0.01060049543259134
alt_team_policy_count_active,out_anaemia_wra_fs_pct,log_gdp_pc_constant,1.6692628050089118,1.8619192719134003,-1.984823542553523,5.323349152571346,0.37020458450501414,994,49,2003-2023,0.01060049543259134
outcome_out_anaemia_pregnant_pct,out_anaemia_pregnant_pct,feat_gd_stock_anaemia_policies_lag3,-0.04732012072812114,0.1140750345646094,-0.2711966510848249,0.1765564096285826,0.6783731858421602,994,49,2003-2023,0.0021433609983674273
outcome_out_anaemia_pregnant_pct,out_anaemia_pregnant_pct,log_gdp_pc_constant,0.379322487765911,1.1573413450937162,-1.8920032739737684,2.6506482495055903,0.7431724991079998,994,49,2003-2023,0.0021433609983674273
outcome_out_women_underweight_pct,out_women_underweight_pct,feat_gd_stock_anaemia_policies_lag3,0.05762416515891969,0.06197055629960909,-0.0640037503224407,0.1792520806402801,0.35269757890028974,947,49,2003-2022,0.03846427881834835
outcome_out_women_underweight_pct,out_women_underweight_pct,log_gdp_pc_constant,-0.9279935186725848,0.49178505533156097,-1.8932065926956199,0.03721955535045007,0.05949172440553485,947,49,2003-2022,0.03846427881834835
outcome_out_women_overweight_pct,out_women_overweight_pct,feat_gd_stock_anaemia_policies_lag3,-0.11699089238362002,0.12799258617312606,-0.3681984396911131,0.13421665492387302,0.3609447972899882,947,49,2003-2022,0.010606750314217206
outcome_out_women_overweight_pct,out_women_overweight_pct,log_gdp_pc_constant,1.0403585805270121,1.6219958794719735,-2.1430883581408025,4.223805519194826,0.5214262462741113,947,49,2003-2022,0.010606750314217206
outcome_out_lbw_pct,out_lbw_pct,feat_gd_stock_anaemia_policies_lag3,-0.012383518672089928,0.04842545830156692,-0.10749870597596548,0.0827316686317856,0.7982572338043039,621,35,2003-2020,0.012014030953183763
outcome_out_lbw_pct,out_lbw_pct,log_gdp_pc_constant,-0.38805434850635,0.5920735796141713,-1.55097962371961,0.7748709267069102,0.512465942517677,621,35,2003-2020,0.012014030953183763
outcome_out_women_index,out_women_index,feat_gd_stock_anaemia_policies_lag3,-0.005210680734946092,0.007629377649990572,-0.020184651526850807,0.009763290056958623,0.4948024723803608,947,49,2003-2022,0.006968762793047145
outcome_out_women_index,out_women_index,log_gdp_pc_constant,0.03641180151428658,0.07504462950979685,-0.11087623978098174,0.1836998428095549,0.6276542673924068,947,49,2003-2022,0.006968762793047145
survey_anchored,out_anaemia_wra_fs_pct,feat_gd_stock_anaemia_policies_lag3,-0.03574014744967137,0.27833290727094856,-0.6089775004740986,0.5374972055747559,0.8988535846272692,80,33,2003-2023,0.1312696958159114
survey_anchored,out_anaemia_wra_fs_pct,log_gdp_pc_constant,-5.797275094001878,4.660405095679973,-15.395559060002704,3.801008871998948,0.22505858999742623,80,33,2003-2023,0.1312696958159114
income_only,out_anaemia_wra_fs_pct,log_gdp_pc_constant,1.2087678274982607,1.3853809503186036,-1.509627042129081,3.9271626971256026,0.38312385764587065,1135,49,2000-2023,0.006971661871184587
sub_feat_fies_severe_total_pct_3yr,out_anaemia_wra_fs_pct,feat_gd_stock_anaemia_policies_lag3,0.020599744574192308,0.15196200657378908,-0.27881582530878035,0.3200153144571649,0.8922888646206486,280,39,2015-2023,0.038183442162925574
sub_feat_fies_severe_total_pct_3yr,out_anaemia_wra_fs_pct,log_gdp_pc_constant,-2.8838484110763627,4.6214074946937425,-11.989554435123011,6.221857612970286,0.5332332047684052,280,39,2015-2023,0.038183442162925574
sub_feat_fies_severe_total_pct_3yr,out_anaemia_wra_fs_pct,feat_fies_severe_total_pct_3yr,0.06685720717187428,0.08650538705888632,-0.10358710550970802,0.2373015198534566,0.4403942830060952,280,39,2015-2023,0.038183442162925574
sub_feat_fies_gap_fm_3yr,out_anaemia_wra_fs_pct,feat_gd_stock_anaemia_policies_lag3,0.05790847383647217,0.15139902288485688,-0.24039783139636173,0.3562147790693061,0.7024518334928826,280,39,2015-2023,0.07073892862335196
sub_feat_fies_gap_fm_3yr,out_anaemia_wra_fs_pct,log_gdp_pc_constant,-3.3062524552628423,4.016258459137275,-11.219614106985816,4.607109196460131,0.4112373041098196,280,39,2015-2023,0.07073892862335196
sub_feat_fies_gap_fm_3yr,out_anaemia_wra_fs_pct,feat_fies_gap_fm_3yr,-0.26910582805355826,0.13335986075358,-0.5318689989758768,-0.006342657131239715,0.044763890418123564,280,39,2015-2023,0.07073892862335196
sub_feat_pua_pct,out_anaemia_wra_fs_pct,feat_gd_stock_anaemia_policies_lag3,-0.00043162289032057713,0.12691672414139943,-0.2503700692326993,0.24950682345205813,0.9972891901320273,308,44,2017-2023,0.004139861007595891
sub_feat_pua_pct,out_anaemia_wra_fs_pct,log_gdp_pc_constant,-0.931052410086222,3.049200686250205,-6.935875551112244,5.0737707309398,0.7603539437186961,308,44,2017-2023,0.004139861007595891
sub_feat_pua_pct,out_anaemia_wra_fs_pct,feat_pua_pct,0.00824891410896089,0.04527463419433333,-0.08091090155602632,0.0974087297739481,0.8555726826044121,308,44,2017-2023,0.004139861007595891
sub_feat_hospital_beds_per1000,out_anaemia_wra_fs_pct,feat_gd_stock_anaemia_policies_lag3,-0.41691727889262176,0.3265430327408401,-1.0604065584833293,0.2265720006980858,0.20300876188627415,295,48,2003-2023,0.10643684675460541
sub_feat_hospital_beds_per1000,out_anaemia_wra_fs_pct,log_gdp_pc_constant,3.5132338470358726,2.5247520883400063,-1.4620702923130273,8.488537986384772,0.16544923617211782,295,48,2003-2023,0.10643684675460541
sub_feat_hospital_beds_per1000,out_anaemia_wra_fs_pct,feat_hospital_beds_per1000,0.5522008077140369,1.5292458551034238,-2.461347836573127,3.565749452001201,0.7183698446217122,295,48,2003-2023,0.10643684675460541
sub_feat_health_exp_pc_usd,out_anaemia_wra_fs_pct,feat_gd_stock_anaemia_policies_lag3,-0.03902677202449719,0.18140646887210027,-0.39505677960321056,0.3170032355542162,0.8297113819946427,969,48,2003-2023,0.10542692925929453
sub_feat_health_exp_pc_usd,out_anaemia_wra_fs_pct,log_gdp_pc_constant,0.5839846344221463,1.664686679440148,-2.6831447837416795,3.8511140525859724,0.7258150209411789,969,48,2003-2023,0.10542692925929453
sub_feat_health_exp_pc_usd,out_anaemia_wra_fs_pct,feat_health_exp_pc_usd,0.015447576785526433,0.007980447641975941,-0.00021492330126732587,0.031110076872320192,0.05322075852500596,969,48,2003-2023,0.10542692925929453
sub_feat_sth_pc_coverage_sac_pct,out_anaemia_wra_fs_pct,feat_gd_stock_anaemia_policies_lag3,0.037082395517065825,0.17198647612145032,-0.30056625818071137,0.374731049214843,0.8293503789047079,796,47,2005-2023,0.02240102903486363
sub_feat_sth_pc_coverage_sac_pct,out_anaemia_wra_fs_pct,log_gdp_pc_constant,1.6444758882030146,1.6154676050009789,-1.527055235766114,4.816007012172143,0.30903676148311865,796,47,2005-2023,0.02240102903486363
sub_feat_sth_pc_coverage_sac_pct,out_anaemia_wra_fs_pct,feat_sth_pc_coverage_sac_pct,-0.007212574932616597,0.004631407036322111,-0.01630508258674334,0.001879932721510145,0.11982952762120203,796,47,2005-2023,0.02240102903486363
