dhs_country_code,country_name,survey_year,survey_type,survey_id,anaemia_any_women_pct
AL,Albania,2008,DHS,AL2008DHS,19.0
AL,Albania,2017,DHS,AL2017DHS,22.7
AM,Armenia,2000,DHS,AM2000DHS,12.4
AM,Armenia,2005,DHS,AM2005DHS,24.6
AM,Armenia,2016,DHS,AM2016DHS,13.4
AZ,Azerbaijan,2006,DHS,AZ2006DHS,37.0
BD,Bangladesh,2011,DHS,BD2011DHS,42.4
BF,Burkina Faso,2003,DHS,BF2003DHS,53.7
BF,Burkina Faso,2010,DHS,BF2010DHS,48.8
BF,Burkina Faso,2021,DHS,BF2021DHS,55.6
BJ,Benin,2001,DHS,BJ2001DHS,64.3
BJ,Benin,2006,DHS,BJ2006DHS,61.3
BJ,Benin,2012,DHS,BJ2012DHS,41.4
BJ,Benin,2017,DHS,BJ2017DHS,57.7
BO,Bolivia,2003,DHS,BO2003DHS,33.1
BO,Bolivia,2008,DHS,BO2008DHS,38.3
BU,Burundi,2010,DHS,BU2010DHS,18.5
BU,Burundi,2016,DHS,BU2016DHS,39.3
CD,Congo Democratic Republic,2007,DHS,CD2007DHS,52.9
CD,Congo Democratic Republic,2013,DHS,CD2013DHS,38.4
CD,Congo Democratic Republic,2023,DHS,CD2023DHS,41.0
CG,Congo,2005,DHS,CG2005DHS,57.0
CG,Congo,2011,DHS,CG2011DHS,54.2
CI,Cote d'Ivoire,2012,DHS,CI2012DHS,53.7
CI,Cote d'Ivoire,2021,DHS,CI2021DHS,60.5
CM,Cameroon,2004,DHS,CM2004DHS,44.9
CM,Cameroon,2011,DHS,CM2011DHS,39.5
CM,Cameroon,2018,DHS,CM2018DHS,39.7
EG,Egypt,2000,DHS,EG2000DHS,27.7
EG,Egypt,2005,DHS,EG2005DHS,39.4
EG,Egypt,2014,DHS,EG2014DHS,25.2
ET,Ethiopia,2005,DHS,ET2005DHS,26.6
ET,Ethiopia,2011,DHS,ET2011DHS,16.6
ET,Ethiopia,2016,DHS,ET2016DHS,23.6
GA,Gabon,2012,DHS,GA2012DHS,60.6
GA,Gabon,2019,DHS,GA2019DHS,64.9
GH,Ghana,2003,DHS,GH2003DHS,44.6
GH,Ghana,2008,DHS,GH2008DHS,58.7
GH,Ghana,2014,DHS,GH2014DHS,42.4
GH,Ghana,2022,DHS,GH2022DHS,41.1
GM,Gambia,2013,DHS,GM2013DHS,60.3
GM,Gambia,2019,DHS,GM2019DHS,44.3
GN,Guinea,2005,DHS,GN2005DHS,53.3
GN,Guinea,2012,DHS,GN2012DHS,49.1
GN,Guinea,2018,DHS,GN2018DHS,45.8
GU,Guatemala,2015,DHS,GU2015DHS,13.6
GY,Guyana,2009,DHS,GY2009DHS,37.4
HN,Honduras,2005,DHS,HN2005DHS,18.7
HN,Honduras,2011,DHS,HN2011DHS,15.1
HT,Haiti,2000,DHS,HT2000DHS,55.1
HT,Haiti,2006,DHS,HT2006DHS,45.8
HT,Haiti,2012,DHS,HT2012DHS,49.3
HT,Haiti,2016,DHS,HT2016DHS,49.0
IA,India,2006,DHS,IA2006DHS,55.3
IA,India,2015,DHS,IA2015DHS,53.1
IA,India,2020,DHS,IA2020DHS,57.0
JO,Jordan,2002,DHS,JO2002DHS,26.4
JO,Jordan,2009,DHS,JO2009DHS,25.7
JO,Jordan,2012,DHS,JO2012DHS,33.5
JO,Jordan,2017,DHS,JO2017DHS,42.6
JO,Jordan,2023,DHS,JO2023DHS,32.3
KH,Cambodia,2000,DHS,KH2000DHS,58.8
KH,Cambodia,2005,DHS,KH2005DHS,46.7
KH,Cambodia,2010,DHS,KH2010DHS,44.4
KH,Cambodia,2014,DHS,KH2014DHS,45.4
KY,Kyrgyz Republic,2012,DHS,KY2012DHS,35.2
LB,Liberia,2019,DHS,LB2019DHS,44.5
LS,Lesotho,2004,DHS,LS2004DHS,32.9
LS,Lesotho,2009,DHS,LS2009DHS,26.3
LS,Lesotho,2014,DHS,LS2014DHS,27.3
LS,Lesotho,2023,DHS,LS2023DHS,38.8
MB,Moldova,2005,DHS,MB2005DHS,27.9
MD,Madagascar,2004,DHS,MD2004DHS,44.1
MD,Madagascar,2008,DHS,MD2008DHS,35.3
MD,Madagascar,2021,DHS,MD2021DHS,26.4
ML,Mali,2001,DHS,ML2001DHS,62.9
ML,Mali,2006,DHS,ML2006DHS,60.7
ML,Mali,2012,DHS,ML2012DHS,51.4
ML,Mali,2018,DHS,ML2018DHS,63.4
ML,Mali,2023,DHS,ML2023DHS,47.9
MM,Myanmar,2016,DHS,MM2016DHS,46.5
MR,Mauritania,2020,DHS,MR2020DHS,56.0
MV,Maldives,2016,DHS,MV2016DHS,63.0
MW,Malawi,2004,DHS,MW2004DHS,44.3
MW,Malawi,2010,DHS,MW2010DHS,28.9
MW,Malawi,2015,DHS,MW2015DHS,32.7
MW,Malawi,2024,DHS,MW2024DHS,25.7
MZ,Mozambique,2011,DHS,MZ2011DHS,54.0
MZ,Mozambique,2022,DHS,MZ2022DHS,51.8
NG,Nigeria,2018,DHS,NG2018DHS,57.8
NG,Nigeria,2024,DHS,NG2024DHS,41.6
NI,Niger,2006,DHS,NI2006DHS,45.8
NI,Niger,2012,DHS,NI2012DHS,45.8
NM,Namibia,2013,DHS,NM2013DHS,20.7
NP,Nepal,2006,DHS,NP2006DHS,36.2
NP,Nepal,2011,DHS,NP2011DHS,35.0
NP,Nepal,2016,DHS,NP2016DHS,40.8
NP,Nepal,2022,DHS,NP2022DHS,34.0
PE,Peru,2000,DHS,PE2000DHS,31.6
PE,Peru,2004,DHS,PE2004DHS,28.6
PE,Peru,2007,DHS,PE2007DHS,26.2
PE,Peru,2009,DHS,PE2009DHS,21.0
PE,Peru,2010,DHS,PE2010DHS,21.5
PE,Peru,2011,DHS,PE2011DHS,17.4
PE,Peru,2012,DHS,PE2012DHS,17.8
RW,Rwanda,2005,DHS,RW2005DHS,25.6
RW,Rwanda,2008,DHS,RW2008DHS,17.6
RW,Rwanda,2010,DHS,RW2010DHS,17.3
RW,Rwanda,2015,DHS,RW2015DHS,19.2
RW,Rwanda,2019,DHS,RW2019DHS,13.1
SL,Sierra Leone,2008,DHS,SL2008DHS,45.2
SL,Sierra Leone,2013,DHS,SL2013DHS,44.8
SL,Sierra Leone,2019,DHS,SL2019DHS,46.5
SN,Senegal,2005,DHS,SN2005DHS,59.1
SN,Senegal,2010,DHS,SN2010DHS,54.3
SN,Senegal,2017,DHS,SN2017DHS,54.1
ST,Sao Tome and Principe,2008,DHS,ST2008DHS,43.1
SZ,Eswatini,2006,DHS,SZ2006DHS,30.4
TG,Togo,2013,DHS,TG2013DHS,48.1
TJ,Tajikistan,2017,DHS,TJ2017DHS,41.1
TJ,Tajikistan,2023,DHS,TJ2023DHS,24.5
TL,Timor-Leste,2009,DHS,TL2009DHS,21.3
TL,Timor-Leste,2016,DHS,TL2016DHS,22.7
TM,Turkmenistan,2000,DHS,TM2000DHS,47.3
TZ,Tanzania,2004,DHS,TZ2004DHS,48.4
TZ,Tanzania,2010,DHS,TZ2010DHS,40.1
TZ,Tanzania,2015,DHS,TZ2015DHS,44.8
TZ,Tanzania,2022,DHS,TZ2022DHS,41.5
UG,Uganda,2000,DHS,UG2000DHS,36.7
UG,Uganda,2006,DHS,UG2006DHS,41.9
UG,Uganda,2011,DHS,UG2011DHS,23.0
UG,Uganda,2016,DHS,UG2016DHS,31.7
YE,Yemen,2013,DHS,YE2013DHS,70.6
ZA,South Africa,2016,DHS,ZA2016DHS,33.2
ZM,Zambia,2018,DHS,ZM2018DHS,31.1
ZM,Zambia,2024,DHS,ZM2024DHS,30.5
ZW,Zimbabwe,2005,DHS,ZW2005DHS,37.8
ZW,Zimbabwe,2010,DHS,ZW2010DHS,28.2
ZW,Zimbabwe,2015,DHS,ZW2015DHS,26.8
