iso3,year,gdp_pc_constant_2015_usd
AGO,2000,2172.46326718726
AGO,2001,2189.17352158048
AGO,2002,2404.97792071735
AGO,2003,2403.40415157242
AGO,2004,2583.32411461508
AGO,2005,2843.39663579921
AGO,2006,3065.05576244155
AGO,2007,3336.36332465491
AGO,2008,3559.19522512538
AGO,2009,3494.80724466468
AGO,2010,3540.79159568681
AGO,2011,3528.16824373698
AGO,2012,3682.35229323075
AGO,2013,3716.29718727597
AGO,2014,3746.81619978931
AGO,2015,3641.72893920253
AGO,2016,3505.59634681792
AGO,2017,3378.07588102598
AGO,2018,3246.87857140997
AGO,2019,3105.59971242672
AGO,2020,2847.24241578243
AGO,2021,2788.16737086685
AGO,2022,2798.01717317688
AGO,2023,2748.95196954248
AGO,2024,2798.59392792708
AGO,2025,2800.95785565447
BDI,2000,264.154407180223
BDI,2001,262.913885774384
BDI,2002,266.968141648342
BDI,2003,255.500823385612
BDI,2004,258.050009115333
BDI,2005,250.878933475935
BDI,2006,255.105582251925
BDI,2007,254.311725516331
BDI,2008,256.012461554496
BDI,2009,252.582019875886
BDI,2010,253.308577749924
BDI,2011,254.242110648215
BDI,2012,256.180393931874
BDI,2013,259.311117203355
BDI,2014,261.296721752002
BDI,2015,254.402585226788
BDI,2016,258.061970804063
BDI,2017,261.725839287239
BDI,2018,267.508692172687
BDI,2019,270.411005710809
BDI,2020,263.463876362597
BDI,2021,264.682651658422
BDI,2022,263.587550049119
BDI,2023,264.84330794512
BDI,2024,268.700857389911
BDI,2025,273.432977612477
BEN,2000,861.213292013209
BEN,2001,879.854463773645
BEN,2002,893.137100961634
BEN,2003,896.146763201736
BEN,2004,907.624431209378
BEN,2005,893.91536869992
BEN,2006,900.62053578735
BEN,2007,926.740113754071
BEN,2008,943.203380303862
BEN,2009,936.565651071554
BEN,2010,928.246655329144
BEN,2011,927.716412836707
BEN,2012,943.918771531001
BEN,2013,982.399206290516
BEN,2014,1014.4330062135
BEN,2015,1002.41886879614
BEN,2016,1006.03926633023
BEN,2017,1032.90471194182
BEN,2018,1071.50452156932
BEN,2019,1114.17304526443
BEN,2020,1126.65404122154
BEN,2021,1176.37727637273
BEN,2022,1218.49668929091
BEN,2023,1263.62158336368
BEN,2024,1324.78312597434
BEN,2025,1397.75362076916
BFA,2000,428.309796566198
BFA,2001,442.914122870048
BFA,2002,448.128856317091
BFA,2003,468.263047790124
BFA,2004,474.086412333459
BFA,2005,499.192797571217
BFA,2006,514.113131757062
BFA,2007,519.26101218434
BFA,2008,533.471299938288
BFA,2009,533.470084831931
BFA,2010,561.847221302489
BFA,2011,581.603658737407
BFA,2012,600.731343697818
BFA,2013,616.741331164082
BFA,2014,624.576885187665
BFA,2015,630.124750752312
BFA,2016,648.420480176012
BFA,2017,669.276310328333
BFA,2018,694.492813126351
BFA,2019,717.021595096634
BFA,2020,713.8421779224
BFA,2021,745.472563435144
BFA,2022,740.306319930259
BFA,2023,745.405334618409
BFA,2024,764.082625588818
BFA,2025,786.966437457548
BWA,2000,5062.64289173588
BWA,2001,4971.96371794188
BWA,2002,5175.47655317231
BWA,2003,5320.440295139
BWA,2004,5369.42516766112
BWA,2005,5514.21742664705
BWA,2006,5865.00026521361
BWA,2007,6085.6354476126
BWA,2008,6158.61629368051
BWA,2009,5179.4138607146
BWA,2010,5584.5034321846
BWA,2011,5850.07858575461
BWA,2012,5742.91924452636
BWA,2013,6284.97678002618
BWA,2014,6547.12254115892
BWA,2015,6141.20394726616
BWA,2016,6490.83463593483
BWA,2017,6662.57644805467
BWA,2018,6843.84612027739
BWA,2019,6951.73189051146
BWA,2020,6254.24806241091
BWA,2021,6895.91184943107
BWA,2022,7159.5860618268
BWA,2023,7269.05170664457
BWA,2024,6952.34770386661
BWA,2025,6790.93284822604
CAF,2000,437.168928414826
CAF,2001,446.658634192083
CAF,2002,452.808702217035
CAF,2003,418.240532289858
CAF,2004,433.825227770233
CAF,2005,427.968043155237
CAF,2006,439.294330902768
CAF,2007,450.762785401893
CAF,2008,450.313616886022
CAF,2009,492.215398914836
CAF,2010,519.141456408484
CAF,2011,532.38295493852
CAF,2012,553.729578314912
CAF,2013,349.821171688973
CAF,2014,351.561554911625
CAF,2015,366.322853938121
CAF,2016,376.858254120398
CAF,2017,387.35795131742
CAF,2018,395.020015455909
CAF,2019,401.82582161435
CAF,2020,398.834274122139
CAF,2021,396.020622931961
CAF,2022,398.91539795642
CAF,2023,397.467795750451
CAF,2024,389.938307964229
CAF,2025,393.988309778491
CIV,2000,1717.95385651231
CIV,2001,1636.57318705218
CIV,2002,1551.27925902838
CIV,2003,1441.58801755037
CIV,2004,1451.86547141894
CIV,2005,1431.73320203111
CIV,2006,1437.77453798586
CIV,2007,1420.1738958245
CIV,2008,1454.62731800082
CIV,2009,1473.9183699329
CIV,2010,1540.52927270246
CIV,2011,1426.46463864534
CIV,2012,1503.43433046682
CIV,2013,1632.32712787006
CIV,2014,1742.53693001178
CIV,2015,1814.71855088017
CIV,2016,1889.27777949938
CIV,2017,1972.81431788947
CIV,2018,2013.32307598499
CIV,2019,2093.09994335779
CIV,2020,2055.08483996432
CIV,2021,2146.46047529012
CIV,2022,2227.08197820584
CIV,2023,2315.36434710324
CIV,2024,2395.65916961845
CIV,2025,2490.74922791875
CMR,2000,1151.27689302947
CMR,2001,1169.92670464984
CMR,2002,1189.96707897027
CMR,2003,1221.09446141454
CMR,2004,1271.74326874167
CMR,2005,1264.74345218659
CMR,2006,1277.32990712342
CMR,2007,1295.73067471287
CMR,2008,1295.02211276052
CMR,2009,1290.89961351149
CMR,2010,1290.9013745759
CMR,2011,1297.3064962694
CMR,2012,1319.66961634054
CMR,2013,1347.2130636706
CMR,2014,1381.81938454907
CMR,2015,1415.00009710569
CMR,2016,1435.61830727839
CMR,2017,1444.90682916573
CMR,2018,1461.01969999317
CMR,2019,1470.31785276187
CMR,2020,1434.51913723409
CMR,2021,1443.57600237663
CMR,2022,1458.66180431693
CMR,2023,1468.17837007337
CMR,2024,1480.73097431993
CMR,2025,1489.47119043622
COD,2000,339.52682222416
COD,2001,322.033920026494
COD,2002,321.547848189305
COD,2003,329.709536541877
COD,2004,341.714925752766
COD,2005,351.708486411683
COD,2006,358.454382275579
COD,2007,377.62283005586
COD,2008,393.640517898615
COD,2009,383.726254541217
COD,2010,403.722373878525
COD,2011,389.119308449762
COD,2012,408.966232816288
COD,2013,464.526715460494
COD,2014,481.830241883776
COD,2015,495.826633014883
COD,2016,480.461377880475
COD,2017,482.854682128541
COD,2018,495.312105711027
COD,2019,482.524295129472
COD,2020,470.852950000929
COD,2021,485.160805929784
COD,2022,513.512704372167
COD,2023,539.45912637913
COD,2024,554.117609962628
COD,2025,567.560325026362
COG,2000,2057.01922023551
COG,2001,2056.16505922617
COG,2002,2100.16876714574
COG,2003,2058.88683675038
COG,2004,2058.88402946896
COG,2005,2140.03686200251
COG,2006,2226.0233547376
COG,2007,2004.10103961966
COG,2008,2061.55829880574
COG,2009,2211.31572382028
COG,2010,2332.28508055953
COG,2011,2307.49384399715
COG,2012,2467.06102906839
COG,2013,2390.65754938662
COG,2014,2488.68118548992
COG,2015,2439.35189403696
COG,2016,2174.19310251224
COG,2017,2003.27121075187
COG,2018,1909.9560382117
COG,2019,1885.51080877731
COG,2020,1725.51040049963
COG,2021,1701.79060456872
COG,2022,1686.00234391385
COG,2023,1677.08549205924
COG,2024,1671.7266018229
COG,2025,1683.00937264433
COM,2000,1150.82871091807
COM,2001,1188.50139049127
COM,2002,1217.11534330128
COM,2003,1216.98069479509
COM,2004,1231.14779946851
COM,2005,1274.61470948066
COM,2006,1227.24669435092
COM,2007,1212.6966173611
COM,2008,1235.97280465287
COM,2009,1250.90237145763
COM,2010,1272.60716208007
COM,2011,1299.11093449408
COM,2012,1313.58187559666
COM,2013,1343.54683280656
COM,2014,1342.3295858321
COM,2015,1329.37048235986
COM,2016,1345.6261652831
COM,2017,1369.41180275963
COM,2018,1391.84570443267
COM,2019,1389.36488014859
COM,2020,1359.7070891825
COM,2021,1360.32663361462
COM,2022,1366.9513495529
COM,2023,1383.64201759575
COM,2024,1402.52614298112
COM,2025,1428.44965622497
CPV,2000,2037.31720912714
CPV,2001,2051.21733888102
CPV,2002,2127.70872296502
CPV,2003,2186.89500422765
CPV,2004,2379.79636224135
CPV,2005,2514.16779255327
CPV,2006,2683.83943856892
CPV,2007,3056.97102851154
CPV,2008,3238.44159287498
CPV,2009,3159.58698693977
CPV,2010,3194.61667734233
CPV,2011,3309.20121643898
CPV,2012,3341.7421054836
CPV,2013,3361.09387702205
CPV,2014,3383.8422809791
CPV,2015,3415.06266730931
CPV,2016,3560.1400729534
CPV,2017,3719.71306047915
CPV,2018,3853.67940035241
CPV,2019,4115.90283469406
CPV,2020,3255.93628984058
CPV,2021,3471.6553421786
CPV,2022,3997.76763250653
CPV,2023,4168.67748407593
CPV,2024,4438.38741931171
CPV,2025,4695.96134251417
DJI,2013,2140.13769442336
DJI,2014,2253.14082249768
DJI,2015,2376.12554719873
DJI,2016,2502.85181449431
DJI,2017,2596.45134698268
DJI,2018,2677.1650334451
DJI,2019,2781.94350113484
DJI,2020,2773.40661780097
DJI,2021,2854.15987035097
DJI,2022,2959.78673011268
DJI,2023,3117.8155381531
DJI,2024,3290.42482052598
DJI,2025,3458.71447416107
ERI,2000,845.132430060544
ERI,2001,893.268735439193
ERI,2002,889.009113592982
ERI,2003,830.379672282601
ERI,2004,808.591420184592
ERI,2005,809.794793468889
ERI,2006,789.402432018085
ERI,2007,789.072701743247
ERI,2008,693.398874212494
ERI,2009,702.430936480778
ERI,2010,703.877374381654
ERI,2011,751.374899794668
ETH,2000,247.505413659694
ETH,2001,260.04231608135
ETH,2002,256.066635883709
ETH,2003,243.076666020009
ETH,2004,267.923513391712
ETH,2005,290.833381425059
ETH,2006,313.013896721503
ETH,2007,338.799064654308
ETH,2008,364.642208155735
ETH,2009,385.632419711374
ETH,2010,421.898622378633
ETH,2011,455.909628648555
ETH,2012,481.639999909808
ETH,2013,518.324662208106
ETH,2014,556.362532243867
ETH,2015,597.912113218663
ETH,2016,636.835680951429
ETH,2017,678.98541915757
ETH,2018,705.96881207336
ETH,2019,744.702789740042
ETH,2020,768.705424484873
ETH,2021,790.657019602458
ETH,2022,811.177729337321
ETH,2023,842.446604881663
ETH,2024,883.458588614999
ETH,2025,945.358838108184
GAB,2000,7596.09970650519
GAB,2001,7556.76995314898
GAB,2002,7338.75620613605
GAB,2003,7301.67154442842
GAB,2004,7148.98713447497
GAB,2005,7130.22505771754
GAB,2006,6724.08148977274
GAB,2007,6908.67399162999
GAB,2008,6468.38523357609
GAB,2009,6264.83611480154
GAB,2010,6481.49612073562
GAB,2011,6699.23394606512
GAB,2012,6803.22668079211
GAB,2013,6938.25753862236
GAB,2014,6998.60545439576
GAB,2015,7047.12654634355
GAB,2016,6991.3251446736
GAB,2017,6840.05959347802
GAB,2018,6724.5961429108
GAB,2019,6817.56879468764
GAB,2020,6534.27966529444
GAB,2021,6479.0490069252
GAB,2022,6527.48207901861
GAB,2023,6541.25368618042
GAB,2024,6618.9868586134
GAB,2025,6640.95687890165
GHA,2000,1022.27520714566
GHA,2001,1035.22666053257
GHA,2002,1052.46591644399
GHA,2003,1077.69990866645
GHA,2004,1108.30475353633
GHA,2005,1143.31178934301
GHA,2006,1185.26570738595
GHA,2007,1205.31705804209
GHA,2008,1282.63416886747
GHA,2009,1311.63053760125
GHA,2010,1381.2279503506
GHA,2011,1537.81834019283
GHA,2012,1640.54072088003
GHA,2013,1718.59704769958
GHA,2014,1726.36930134647
GHA,2015,1722.77282833606
GHA,2016,1740.81101902928
GHA,2017,1841.44636153249
GHA,2018,1915.4532323781
GHA,2019,1999.55372220211
GHA,2020,1970.19411460398
GHA,2021,2030.04866500967
GHA,2022,2067.20895855521
GHA,2023,2091.81335596465
GHA,2024,2173.00329800201
GHA,2025,2260.57555903544
GIN,2000,614.137235083638
GIN,2001,628.320554864936
GIN,2002,650.554963973291
GIN,2003,644.071217908894
GIN,2004,645.182843390689
GIN,2005,651.359606871604
GIN,2006,645.472001923653
GIN,2007,673.698997420626
GIN,2008,684.775780377366
GIN,2009,660.756701330284
GIN,2010,675.736917327708
GIN,2011,696.199991395571
GIN,2012,719.505916794546
GIN,2013,729.833143236326
GIN,2014,738.272274481308
GIN,2015,747.356966759448
GIN,2016,807.236421043888
GIN,2017,867.907502577607
GIN,2018,899.907328045175
GIN,2019,926.42221954853
GIN,2020,945.570903389665
GIN,2021,973.646890096159
GIN,2022,987.502501465337
GIN,2023,1016.88094800324
GIN,2024,1045.92207475792
GIN,2025,1098.14023541721
GMB,2000,659.911237641141
GMB,2001,679.539755947951
GMB,2002,640.03893213613
GMB,2003,665.834222326194
GMB,2004,693.563314497133
GMB,2005,658.676285443081
GMB,2006,636.596026908866
GMB,2007,637.20930597537
GMB,2008,657.675679192228
GMB,2009,681.433469086571
GMB,2010,701.014524591061
GMB,2011,625.464360270983
GMB,2012,639.139881889048
GMB,2013,638.522368532214
GMB,2014,611.879472952196
GMB,2015,619.536364296461
GMB,2016,615.193365494386
GMB,2017,628.777299272925
GMB,2018,658.127833258563
GMB,2019,682.797642940426
GMB,2020,670.758642891251
GMB,2021,689.49323955737
GMB,2022,710.686979216316
GMB,2023,735.612384062616
GMB,2024,758.965888826955
GMB,2025,786.0058158504
GNB,2000,571.094015178625
GNB,2001,585.837980688333
GNB,2002,594.040535151552
GNB,2003,579.092506821836
GNB,2004,572.526464627294
GNB,2005,595.94255560187
GNB,2006,597.257151722046
GNB,2007,597.482020935948
GNB,2008,608.958620496925
GNB,2009,608.202131879882
GNB,2010,625.904027290582
GNB,2011,658.953470528116
GNB,2012,630.66862302825
GNB,2013,634.095456089352
GNB,2014,623.610159103365
GNB,2015,645.066837207039
GNB,2016,663.242608032005
GNB,2017,677.466131311367
GNB,2018,686.456819839526
GNB,2019,706.298562874985
GNB,2020,710.275830755611
GNB,2021,729.396882757942
GNB,2022,752.149255217249
GNB,2023,769.504652461795
GNB,2024,785.91021956464
GNB,2025,813.829913686556
GNQ,2000,3839.08642737128
GNQ,2001,5882.85050306586
GNQ,2002,6604.0054631081
GNQ,2003,7082.65489186921
GNQ,2004,9208.60566707162
GNQ,2005,10212.4545051498
GNQ,2006,10521.9996774827
GNQ,2007,11594.9172068456
GNQ,2008,13048.0703050168
GNQ,2009,12627.862381545
GNQ,2010,10984.3243932426
GNQ,2011,11203.9073679091
GNQ,2012,11650.7196270884
GNQ,2013,10731.6455729191
GNQ,2014,10363.4872473549
GNQ,2015,9068.91003238645
GNQ,2016,7971.83401904573
GNQ,2017,7259.10936454803
GNQ,2018,6578.90039765711
GNQ,2019,6018.12066321865
GNQ,2020,5575.26241511492
GNQ,2021,5487.92479201992
GNQ,2022,5524.24312418579
GNQ,2023,4992.26076814571
GNQ,2024,4892.95310498567
GNQ,2025,4497.75112328053
KEN,2000,1195.41296851656
KEN,2001,1202.29348759987
KEN,2002,1171.4262517349
KEN,2003,1169.14433674051
KEN,2004,1191.25443604556
KEN,2005,1223.44738472019
KEN,2006,1263.54164666211
KEN,2007,1309.91092948216
KEN,2008,1273.77226103073
KEN,2009,1276.73503486074
KEN,2010,1340.16467408856
KEN,2011,1370.58000874482
KEN,2012,1396.30178709756
KEN,2013,1413.94142522583
KEN,2014,1450.59338202277
KEN,2015,1489.11959777284
KEN,2016,1517.97796057742
KEN,2017,1542.33773973372
KEN,2018,1596.69045914945
KEN,2019,1645.70961777862
KEN,2020,1609.33414078281
KEN,2021,1698.89578271444
KEN,2022,1747.53198804428
KEN,2023,1811.21651838425
KEN,2024,1858.87650030024
KEN,2025,1907.81875397233
LBR,2000,754.850917360951
LBR,2001,754.422355762017
LBR,2002,762.716393927064
LBR,2003,528.567395543421
LBR,2004,535.995882066218
LBR,2005,539.665378841936
LBR,2006,551.377446611852
LBR,2007,574.609394348543
LBR,2008,591.185378141907
LBR,2009,603.256211077605
LBR,2010,621.783295071575
LBR,2011,646.908727016597
LBR,2012,674.360011422232
LBR,2013,717.007280358975
LBR,2014,707.157694930142
LBR,2015,692.590082351257
LBR,2016,668.031513175601
LBR,2017,671.260899835355
LBR,2018,665.875439637137
LBR,2019,636.699384824869
LBR,2020,605.025475431411
LBR,2021,621.927983063426
LBR,2022,638.005183858289
LBR,2023,653.329188343162
LBR,2024,665.101337624192
LBR,2025,684.038392553354
LSO,2000,725.263668707773
LSO,2001,752.243212493971
LSO,2002,760.033443180306
LSO,2003,798.540500554454
LSO,2004,817.793597897186
LSO,2005,853.960500629797
LSO,2006,893.750686627156
LSO,2007,927.26863327342
LSO,2008,971.881366821351
LSO,2009,952.747929746529
LSO,2010,995.233432451681
LSO,2011,1031.99721564343
LSO,2012,1086.39034816283
LSO,2013,1093.95323489272
LSO,2014,1100.04993684215
LSO,2015,1121.19851342518
LSO,2016,1147.58748801671
LSO,2017,1097.82166812752
LSO,2018,1068.44462913373
LSO,2019,1040.99351014117
LSO,2020,944.834128375429
LSO,2021,955.221236301503
LSO,2022,967.51928598325
LSO,2023,973.116561960912
LSO,2024,1012.59379523386
LSO,2025,1021.35104816239
MDG,2000,465.529509827021
MDG,2001,478.40561494987
MDG,2002,406.70122213637
MDG,2003,433.601040301214
MDG,2004,443.278654985967
MDG,2005,450.955230911228
MDG,2006,461.540337897729
MDG,2007,473.785462328449
MDG,2008,490.963935389518
MDG,2009,457.789754866068
MDG,2010,447.417143030687
MDG,2011,441.755158414121
MDG,2012,442.641500123543
MDG,2013,440.674658903628
MDG,2014,443.343869908205
MDG,2015,445.320069480568
MDG,2016,451.15659433146
MDG,2017,456.851859574031
MDG,2018,459.330367799543
MDG,2019,467.27741349648
MDG,2020,422.924255422319
MDG,2021,431.599103077746
MDG,2022,438.438112102315
MDG,2023,445.874102052267
MDG,2024,453.957809653992
MDG,2025,456.509679348005
MLI,2000,682.497420451512
MLI,2001,766.960343250964
MLI,2002,766.073669039402
MLI,2003,814.808466518784
MLI,2004,800.501816705242
MLI,2005,794.373328212082
MLI,2006,797.10053288464
MLI,2007,784.893915013531
MLI,2008,787.156518982091
MLI,2009,803.486738930068
MLI,2010,821.181286586904
MLI,2011,818.399030997125
MLI,2012,786.323471337187
MLI,2013,788.819448208696
MLI,2014,813.97566128646
MLI,2015,838.11986940103
MLI,2016,860.75307554569
MLI,2017,878.561348378099
MLI,2018,892.978322787306
MLI,2019,909.751069706998
MLI,2020,872.389426815267
MLI,2021,872.332509422409
MLI,2022,877.817842434642
MLI,2023,892.689219532429
MLI,2024,910.300376300627
MLI,2025,933.797527588101
MOZ,2000,287.390630344484
MOZ,2001,317.185703581034
MOZ,2002,340.13537022259
MOZ,2003,356.521157404125
MOZ,2004,377.064958084878
MOZ,2005,391.699758163976
MOZ,2006,420.526462764726
MOZ,2007,442.049574057751
MOZ,2008,460.94729485679
MOZ,2009,475.788178051193
MOZ,2010,494.162859074785
MOZ,2011,514.869957191994
MOZ,2012,540.2945177803
MOZ,2013,559.393953685688
MOZ,2014,585.266716133984
MOZ,2015,610.563774706589
MOZ,2016,620.779714954555
MOZ,2017,618.397694360334
MOZ,2018,621.153734194787
MOZ,2019,617.13932000195
MOZ,2020,591.804059985932
MOZ,2021,588.215854695416
MOZ,2022,596.086630918965
MOZ,2023,610.591041611538
MOZ,2024,605.763481416969
MOZ,2025,585.682593109736
MRT,2000,1307.91078676112
MRT,2001,1265.81694335882
MRT,2002,1255.23785465583
MRT,2003,1311.83928290699
MRT,2004,1342.01926086998
MRT,2005,1422.08355395812
MRT,2006,1641.14052210995
MRT,2007,1567.52103874761
MRT,2008,1518.05671993749
MRT,2009,1472.73229282851
MRT,2010,1463.84763242531
MRT,2011,1476.23923867862
MRT,2012,1492.69966692583
MRT,2013,1506.66419033006
MRT,2014,1524.45340969502
MRT,2015,1558.84205473416
MRT,2016,1531.87725661699
MRT,2017,1580.01453100123
MRT,2018,1606.91539159026
MRT,2019,1609.15396170643
MRT,2020,1557.19511875153
MRT,2021,1524.11753502309
MRT,2022,1580.70391528747
MRT,2023,1638.99221583023
MRT,2024,1692.84166088843
MRT,2025,1712.77993129076
MUS,2000,5724.49584395791
MUS,2001,5869.56961565396
MUS,2002,5923.09482066607
MUS,2003,6228.82545560651
MUS,2004,6457.90977761094
MUS,2005,6533.89994300683
MUS,2006,6819.92708580325
MUS,2007,7180.23173197486
MUS,2008,7545.15683789094
MUS,2009,7778.25811331163
MUS,2010,8100.95282599507
MUS,2011,8423.28220250903
MUS,2012,8694.84560747968
MUS,2013,8968.51243536773
MUS,2014,9297.64820128968
MUS,2015,9630.5437837507
MUS,2016,9997.89198315532
MUS,2017,10383.8832682578
MUS,2018,10805.4615213739
MUS,2019,11111.3423669526
MUS,2020,9533.5982796049
MUS,2021,9849.34891121846
MUS,2022,10703.2364271462
MUS,2023,11330.7335655767
MUS,2024,11918.8045212095
MUS,2025,12314.5801796066
MWI,2000,418.592985038462
MWI,2001,388.260039763569
MWI,2002,385.308980237095
MWI,2003,397.224846758815
MWI,2004,408.064916052765
MWI,2005,410.267979592536
MWI,2006,417.877689776503
MWI,2007,445.254305419586
MWI,2008,465.55147298007
MWI,2009,489.631418790158
MWI,2010,508.088650552846
MWI,2011,517.833736624232
MWI,2012,512.74031797451
MWI,2013,525.357645516557
MWI,2014,539.562601918057
MWI,2015,539.605363240686
MWI,2016,538.221990810959
MWI,2017,544.795729220349
MWI,2018,553.528790902088
MWI,2019,569.866249371948
MWI,2020,559.447086086067
MWI,2021,569.968967322435
MWI,2022,560.635759714941
MWI,2023,557.03523965791
MWI,2024,551.95152347056
MWI,2025,548.160446261232
NAM,2000,3083.59657884697
NAM,2001,3055.40444831936
NAM,2002,3145.94566281247
NAM,2003,3232.30589658857
NAM,2004,3582.89503259701
NAM,2005,3627.75059772278
NAM,2006,3834.99894666178
NAM,2007,3987.61796106565
NAM,2008,4036.38187484707
NAM,2009,3989.20711387651
NAM,2010,4165.12990200988
NAM,2011,4302.72451368462
NAM,2012,4420.96741373862
NAM,2013,4549.26759093897
NAM,2014,4701.95694189098
NAM,2015,4774.10650865775
NAM,2016,4648.62713460213
NAM,2017,4476.73324402105
NAM,2018,4400.47537705743
NAM,2019,4243.09274481966
NAM,2020,3787.49943973286
NAM,2021,3809.80753359714
NAM,2022,3905.55135268164
NAM,2023,3973.49010579998
NAM,2024,4032.40150676649
NAM,2025,4019.02686256106
NER,2000,392.898616941042
NER,2001,406.923493665264
NER,2002,412.123793192578
NER,2003,406.333757497876
NER,2004,393.398781453199
NER,2005,407.190931059924
NER,2006,415.852022114801
NER,2007,413.419126261066
NER,2008,429.195542798877
NER,2009,421.650901333136
NER,2010,441.079166112039
NER,2011,434.986264873953
NER,2012,463.066265496402
NER,2013,469.690214200878
NER,2014,482.74524741946
NER,2015,485.662574175279
NER,2016,488.184823801581
NER,2017,497.172608329608
NER,2018,513.423699765289
NER,2019,526.60361746086
NER,2020,532.208221196997
NER,2021,520.912751008043
NER,2022,565.873385794358
NER,2023,561.960694711722
NER,2024,589.085643279512
NER,2025,610.375535148154
NGA,2000,1421.67987952016
NGA,2001,1465.45720342369
NGA,2002,1644.39518877708
NGA,2003,1717.21451111739
NGA,2004,1824.80269456838
NGA,2005,1889.25175325842
NGA,2006,1949.15856804582
NGA,2007,2020.83316299437
NGA,2008,2098.2833922073
NGA,2009,2204.60725603823
NGA,2010,2315.46676509642
NGA,2011,2370.97657091881
NGA,2012,2403.65387896987
NGA,2013,2495.34106573862
NGA,2014,2583.61556958171
NGA,2015,2585.73360671797
NGA,2016,2481.81490350403
NGA,2017,2441.71236404537
NGA,2018,2431.77857832597
NGA,2019,2431.53528475874
NGA,2020,2228.68631426529
NGA,2021,2206.66406255564
NGA,2022,2254.29080414598
NGA,2023,2280.67777167162
NGA,2024,2324.59702394542
NGA,2025,2368.53866265659
RWA,2000,331.096659537835
RWA,2001,356.017640545099
RWA,2002,397.558649363458
RWA,2003,397.480382602602
RWA,2004,415.943819000396
RWA,2005,443.00802474736
RWA,2006,471.150850642442
RWA,2007,493.803359157317
RWA,2008,534.678298622161
RWA,2009,553.621518556047
RWA,2010,579.419162804581
RWA,2011,610.376236415572
RWA,2012,647.436613845487
RWA,2013,661.893969452494
RWA,2014,682.709499066795
RWA,2015,725.691418696952
RWA,2016,748.798132068173
RWA,2017,765.845359390541
RWA,2018,808.704812752127
RWA,2019,863.872077583172
RWA,2020,821.257133282758
RWA,2021,871.041835304187
RWA,2022,935.89483254264
RWA,2023,993.911004643524
RWA,2024,1043.15961499906
RWA,2025,1116.46998633814
SDN,2000,1111.11865234375
SDN,2001,1150.17626953125
SDN,2002,1185.21533203125
SDN,2003,1226.42077636719
SDN,2004,1255.67114257813
SDN,2005,1290.24438476563
SDN,2006,1336.1240234375
SDN,2007,1372.10961914063
SDN,2008,1381.62561035156
SDN,2009,1301.34729003906
SDN,2010,1311.22314453125
SDN,2011,1388.21813964844
SDN,2012,1288.25854492188
SDN,2013,1283.45922851563
SDN,2014,1307.3896484375
SDN,2015,1292.37963867188
SDN,2016,1297.15454101563
SDN,2017,1261.87353515625
SDN,2018,1185.94445800781
SDN,2019,1126.55297851563
SDN,2020,1056.86474609375
SDN,2021,1009.54888916016
SDN,2022,973.225280761719
SDN,2023,677.723205566406
SDN,2024,578.38916015625
SDN,2025,582.114074707031
SEN,2000,1048.37474052363
SEN,2001,1067.36886550595
SEN,2002,1042.25509944289
SEN,2003,1074.38578467686
SEN,2004,1098.20064546027
SEN,2005,1119.0505307548
SEN,2006,1118.7830430051
SEN,2007,1123.99862153285
SEN,2008,1138.66883930214
SEN,2009,1142.65317233964
SEN,2010,1153.53431121583
SEN,2011,1139.74447892639
SEN,2012,1154.05677992367
SEN,2013,1147.3859217191
SEN,2014,1180.7987108505
SEN,2015,1218.00613555438
SEN,2016,1257.40906916238
SEN,2017,1312.10932775878
SEN,2018,1355.09610863533
SEN,2019,1379.60875249843
SEN,2020,1361.7914374888
SEN,2021,1414.53951093499
SEN,2022,1433.19918752288
SEN,2023,1458.9664233275
SEN,2024,1517.61838829684
SEN,2025,1582.25852286375
SLE,2000,727.240914632596
SLE,2001,642.036645844304
SLE,2002,766.788693742901
SLE,2003,806.066489012144
SLE,2004,829.759768928304
SLE,2005,842.906030904902
SLE,2006,859.824260714965
SLE,2007,872.68836234614
SLE,2008,882.54147817868
SLE,2009,872.23959352481
SLE,2010,902.769891411394
SLE,2011,950.760763054593
SLE,2012,1025.04366004502
SLE,2013,1146.81973456475
SLE,2014,1032.23789355905
SLE,2015,964.575980888989
SLE,2016,1002.77862282013
SLE,2017,1010.54694071207
SLE,2018,1015.6678297205
SLE,2019,1046.96778078594
SLE,2020,1010.25294614757
SLE,2021,1045.7661615758
SLE,2022,1077.08884538507
SLE,2023,1113.86837500697
SLE,2024,1137.29005648131
SLE,2025,1165.72408271963
SOM,2000,233.032393086303
SOM,2001,239.839074088089
SOM,2002,248.636454000924
SOM,2003,257.910337235953
SOM,2004,266.257271856551
SOM,2005,275.457040797983
SOM,2006,284.47078986532
SOM,2007,294.210404466601
SOM,2008,304.741448811237
SOM,2009,317.038184814662
SOM,2010,329.970504936872
SOM,2011,349.577449077711
SOM,2012,369.617204753489
SOM,2013,397.108796344814
SOM,2014,417.516796906402
SOM,2015,445.583080073396
SOM,2016,458.92147682461
SOM,2017,506.501098879426
SOM,2018,498.981065013918
SOM,2019,494.444039712384
SOM,2020,462.867053737278
SOM,2021,461.627830726021
SOM,2022,460.046226685238
SOM,2023,464.72106952561
SOM,2024,467.269910194458
SOM,2025,465.439392877227
SSD,2008,2289.18415375563
SSD,2009,2293.80166888543
SSD,2010,2295.07026096006
SSD,2011,2073.23981819145
SSD,2012,1069.19619080938
SSD,2013,1165.16202707495
SSD,2014,1197.09491969479
SSD,2015,1080.14718624765
STP,2000,959.938180991352
STP,2001,973.424252100436
STP,2002,982.32906557627
STP,2003,1036.86196260207
STP,2004,1047.05796134884
STP,2005,1089.14778798762
STP,2006,1157.0861446542
STP,2007,1170.51612474435
STP,2008,1214.14114724792
STP,2009,1225.60541902997
STP,2010,1216.3502521663
STP,2011,1214.96130276731
STP,2012,1225.6945255615
STP,2013,1263.70423995281
STP,2014,1301.32146445028
STP,2015,1298.10946596396
STP,2016,1342.533807689
STP,2017,1375.59403284199
STP,2018,1413.84348618541
STP,2019,1420.66008316091
STP,2020,1430.84119299096
STP,2021,1428.28676097975
STP,2022,1403.23356704678
STP,2023,1380.60169416257
STP,2024,1373.27082138436
STP,2025,1360.14953158233
SWZ,2000,2273.04683761056
SWZ,2001,2283.98316815361
SWZ,2002,2358.56935643468
SWZ,2003,2448.83792077995
SWZ,2004,2522.14342097167
SWZ,2005,2658.75180508187
SWZ,2006,2823.48728215402
SWZ,2007,2928.46845823015
SWZ,2008,2950.67334362132
SWZ,2009,2973.83456912379
SWZ,2010,3069.52175725884
SWZ,2011,3108.70225253092
SWZ,2012,3218.50138205493
SWZ,2013,3332.11983927912
SWZ,2014,3381.79292071291
SWZ,2015,3419.82276559528
SWZ,2016,3500.17688847942
SWZ,2017,3596.23605400492
SWZ,2018,3565.54285067501
SWZ,2019,3759.67106964666
SWZ,2020,3609.3669136859
SWZ,2021,3719.03838239806
SWZ,2022,3695.64957179548
SWZ,2023,3790.16576788091
SWZ,2024,3866.37127926695
SWZ,2025,3985.70411891032
SYC,2000,11703.7535246117
SYC,2001,11427.9413083015
SYC,2002,11218.2606464315
SYC,2003,10677.9692081272
SYC,2004,10412.0868936027
SYC,2005,11297.3118190493
SYC,2006,12105.4475265558
SYC,2007,13112.8210098816
SYC,2008,12473.2921769121
SYC,2009,12116.3783687977
SYC,2010,12313.5566919249
SYC,2011,13843.7116081878
SYC,2012,14135.0010570653
SYC,2013,14050.3135581314
SYC,2014,14395.6158118771
SYC,2015,15333.1051727105
SYC,2016,16962.6753972731
SYC,2017,17921.5731976918
SYC,2018,18628.1862276696
SYC,2019,19481.6461053742
SYC,2020,17048.361729788
SYC,2021,17005.0422063679
SYC,2022,15471.2109575418
SYC,2023,16286.8557867673
SYC,2024,16612.6374865452
SYC,2025,17378.7777801503
TCD,2000,530.600331266396
TCD,2001,572.806706826392
TCD,2002,600.171451974963
TCD,2003,661.55691667897
TCD,2004,845.518131165737
TCD,2005,952.871910087319
TCD,2006,914.21066458867
TCD,2007,920.35281567764
TCD,2008,916.08727463451
TCD,2009,871.485311278207
TCD,2010,956.953018707396
TCD,2011,965.286963559567
TCD,2012,1016.42152061942
TCD,2013,1008.61711428961
TCD,2014,993.321157706456
TCD,2015,993.990730610869
TCD,2016,923.565872051196
TCD,2017,879.075895464417
TCD,2018,898.834794005046
TCD,2019,917.203710060136
TCD,2020,884.980541934939
TCD,2021,857.52763057976
TCD,2022,862.602128172536
TCD,2023,856.985507283698
TCD,2024,855.999353179333
TCD,2025,873.528540127688
TGO,2000,730.148392769906
TGO,2001,718.084179469825
TGO,2002,727.322768684689
TGO,2003,757.076842057466
TGO,2004,731.610797958447
TGO,2005,680.485159475257
TGO,2006,678.890227390526
TGO,2007,650.046681355874
TGO,2008,654.896723036341
TGO,2009,668.669623161752
TGO,2010,686.014185396121
TGO,2011,706.442158827353
TGO,2012,733.683602929868
TGO,2013,759.841612443554
TGO,2014,786.587399651446
TGO,2015,813.894676975085
TGO,2016,832.959515987733
TGO,2017,851.735728621337
TGO,2018,876.562800915869
TGO,2019,900.166602437871
TGO,2020,899.748802355348
TGO,2021,928.301087692897
TGO,2022,970.535975822983
TGO,2023,1011.2308927823
TGO,2024,1053.81653764697
TGO,2025,1096.18363113201
TZA,2000,555.348083496094
TZA,2001,573.400146484375
TZA,2002,598.421569824219
TZA,2003,621.720703125
TZA,2004,650.516540527344
TZA,2005,680.051208496094
TZA,2006,704.502746582031
TZA,2007,731.52001953125
TZA,2008,752.540466308594
TZA,2009,772.929565429688
TZA,2010,801.29931640625
TZA,2011,838.999267578125
TZA,2012,851.910705566406
TZA,2013,882.8115234375
TZA,2014,913.811218261719
TZA,2015,939.127319335938
TZA,2016,970.156127929688
TZA,2017,1001.55895996094
TZA,2018,1024.01525878906
TZA,2019,1051.7666015625
TZA,2020,1041.25964355469
TZA,2021,1054.31726074219
TZA,2022,1070.58532714844
TZA,2023,1092.86413574219
TZA,2024,1120.77416992188
TZA,2025,1153.17529296875
UGA,2000,509.19755319016
UGA,2001,519.456547890884
UGA,2002,547.405338919875
UGA,2003,564.720539196569
UGA,2004,585.339489080616
UGA,2005,604.404813057618
UGA,2006,650.270540867444
UGA,2007,684.542241787248
UGA,2008,722.565167003452
UGA,2009,749.342865535423
UGA,2010,768.624091660131
UGA,2011,816.516366587228
UGA,2012,823.580468285493
UGA,2013,828.988669729986
UGA,2014,845.978664791099
UGA,2015,862.934610355811
UGA,2016,874.648370639216
UGA,2017,871.093880017151
UGA,2018,895.07512785438
UGA,2019,920.939101515671
UGA,2020,917.0350317644
UGA,2021,919.401675217265
UGA,2022,933.094056370423
UGA,2023,955.745797275462
UGA,2024,986.090145363924
UGA,2025,1020.5762056167
ZAF,2000,4700.87555500704
ZAF,2001,4786.482450463
ZAF,2002,4916.81498068625
ZAF,2003,5011.62223150169
ZAF,2004,5187.35683424034
ZAF,2005,5406.07581377638
ZAF,2006,5650.9883176549
ZAF,2007,5891.42069421698
ZAF,2008,6009.71963138635
ZAF,2009,5847.05811084505
ZAF,2010,5953.94506512821
ZAF,2011,6067.12482726885
ZAF,2012,6121.55783860713
ZAF,2013,6170.87670863373
ZAF,2014,6155.00589462516
ZAF,2015,6112.27382485974
ZAF,2016,6095.295060428
ZAF,2017,6125.6920507497
ZAF,2018,6117.2701406047
ZAF,2019,6032.82972598668
ZAF,2020,5569.58483319272
ZAF,2021,5750.90937479584
ZAF,2022,5786.86505344736
ZAF,2023,5756.55049453121
ZAF,2024,5715.47531469148
ZAF,2025,5713.1191878767
ZMB,2000,804.48463418783
ZMB,2001,822.020935308251
ZMB,2002,833.021177549004
ZMB,2003,863.650190656785
ZMB,2004,895.475258534826
ZMB,2005,929.079255855905
ZMB,2006,968.563565019492
ZMB,2007,1013.08567432637
ZMB,2008,1053.58612301068
ZMB,2009,1110.71918102486
ZMB,2010,1183.41712409199
ZMB,2011,1208.46424569634
ZMB,2012,1258.78938578996
ZMB,2013,1280.77012176778
ZMB,2014,1299.01241762504
ZMB,2015,1295.87788680068
ZMB,2016,1303.57513869133
ZMB,2017,1308.76829240086
ZMB,2018,1321.25045711573
ZMB,2019,1301.18132976178
ZMB,2020,1228.73500113195
ZMB,2021,1269.10821808895
ZMB,2022,1298.8480495593
ZMB,2023,1330.85998216751
ZMB,2024,1343.38966380353
ZMB,2025,1355.77536277733
ZWE,2000,1677.34896793251
ZWE,2001,1690.14666163116
ZWE,2002,1525.07935706564
ZWE,2003,1250.91948331231
ZWE,2004,1165.54447081543
ZWE,2005,1088.63148420699
ZWE,2006,1038.22375658033
ZWE,2007,987.200362596937
ZWE,2008,803.044944654991
ZWE,2009,896.915532877845
ZWE,2010,1056.20884563889
ZWE,2011,1184.93421020563
ZWE,2012,1360.15230034275
ZWE,2013,1367.81831689463
ZWE,2014,1381.25404125871
ZWE,2015,1387.12632595026
ZWE,2016,1378.34256192374
ZWE,2017,1422.91948946927
ZWE,2018,1472.14603844842
ZWE,2019,1357.53087818754
ZWE,2020,1230.81933361016
ZWE,2021,1312.20001358807
ZWE,2022,1369.19761495571
ZWE,2023,1418.47184628799
ZWE,2024,1416.80065463874
ZWE,2025,1503.06505298089
