source,field,token,mentions,clusters
policies,Topics,Vitamin A,280,micronutrient
policies,Topics,Food fortification,256,fortification
policies,Topics,Stunting in children 0-5 yrs,243,wasting_stunting
policies,Topics,Wasting in children 0-5 years,226,wasting_stunting
policies,Topics,Food security and agriculture,223,food_security
policies,Topics,Micronutrient supplementation,207,micronutrient
policies,Topics,Underweight in children 0-5 years,197,wasting_stunting
policies,Topics,Growth monitoring and promotion,164,wasting_stunting
policies,Topics,Iodine,163,micronutrient
policies,Topics,Breastfeeding promotion/counselling,158,iycf
policies,Topics,HIV/AIDS and nutrition,158,infection
policies,Topics,International Code of Marketing of Breast-milk Substitutes,154,iycf
policies,Topics,Nutrition counselling on healthy diets,154,ncd_diet
policies,Topics,Water and sanitation,152,infection
policies,Topics,Maternity protection,151,maternal
policies,Topics,Breastfeeding,150,iycf
policies,Topics,Management of severe acute malnutrition,150,wasting_stunting
policies,Topics,Food safety,149,ncd_diet
policies,Topics,Food grade salt,148,fortification
policies,Topics,Breastfeeding - Exclusive 6 months,139,iycf
policies,Topics,Management of moderate acute malnutrition,139,wasting_stunting
policies,Topics,Vulnerable groups,135,food_security
policies,Topics,Low birth weight,130,iycf
policies,Topics,School-based health and nutrition programmes,130,schools_education
policies,Topics,Anaemia,128,anaemia
policies,Topics,Provision of school meals / School feeding programme,128,food_security|schools_education
policies,Topics,Iron,127,anaemia
policies,Topics,Vitamin A deficiency,126,micronutrient
policies,Topics,Baby-friendly Hospital Initiative (BFHI),124,iycf
policies,Topics,Complementary feeding promotion/counselling,121,iycf
policies,Topics,Food distribution/supplementation for prevention of acute malnutrition,121,food_security|wasting_stunting
policies,Topics,Iodine deficiency disorders,120,micronutrient
policies,Topics,Mandatory fortification,120,fortification
policies,Topics,Nutrition in the school curriculum,119,schools_education
policies,Topics,Underweight in women,114,maternal
policies,Topics,Household food security,112,food_security
policies,Topics,Complementary feeding,111,iycf
policies,Topics,Counselling on healthy diets and nutrition during pregnancy,100,maternal|ncd_diet
policies,Topics,Vaccination,100,infection
policies,Topics,Wheat flours,100,fortification
policies,Topics,Promotion of healthy diet and prevention of obesity and diet-related NCDs (general),96,ncd_diet
policies,Topics,Taxation on unhealthy foods,96,ncd_diet
policies,Topics,Improved hygiene / handwashing,95,infection
policies,Topics,Media campaigns on healthy diets and nutrition,95,ncd_diet
policies,Topics,Food labelling,91,ncd_diet
policies,Topics,Iron and folic acid,91,anaemia
policies,Topics,Zinc,90,micronutrient
policies,Topics,Anaemia in women 15-49 yrs,89,anaemia|maternal
policies,Topics,Deworming,86,infection
policies,Topics,Physical activity and healthy lifestyle,83,ncd_diet
policies,Topics,Overweight and obesity in adults,82,ncd_diet
policies,Topics,Local products,81,food_security
policies,Topics,Anaemia in pregnant women,80,anaemia|maternal
policies,Topics,Promotion of exclusive breastfeeding for 6 months,79,iycf
policies,Topics,Nutrition education,77,schools_education
policies,Topics,Imported products,75,
policies,Topics,Minimum acceptable diet,72,iycf
policies,Topics,National level tax,72,ncd_diet
policies,Topics,Family planning (including birth spacing),70,maternal
policies,Topics,Folic acid,70,anaemia
policies,Topics,Raised blood glucose/diabetes,68,ncd_diet
policies,Topics,Raised blood pressure,68,ncd_diet
policies,Topics,Overweight in children 0-5 yrs,67,ncd_diet
policies,Topics,Breastfeeding - Early initiation by 1 hour,65,iycf
policies,Topics,Mandatory salt iodization,65,fortification
policies,Topics,Diarrhoea or ORS,64,infection
policies,Topics,Micronutrient powder for home fortification,64,anaemia|fortification
policies,Topics,Conditional cash transfer programmes,63,food_security
policies,Topics,Edible oils and margarine,62,fortification
policies,Topics,Nutrition & infectious disease,57,infection
policies,Topics,Fortification of salt with iodine aligned with WHO guidance,56,fortification|micronutrient
policies,Topics,Sodium/salt intake,56,ncd_diet
policies,Topics,School gardens,55,food_security|schools_education
policies,Topics,Fruit and vegetable intake,53,ncd_diet
policies,Topics,Ad valorem excise tax,52,ncd_diet
policies,Topics,"Home, school or community gardens",52,food_security|schools_education
policies,Topics,Breastfeeding - Continued,51,iycf
policies,Topics,Hygienic cooking facilities and clean eating environment,48,infection
policies,Topics,Maize flours,48,fortification
policies,Topics,Counselling on feeding and care of LBW infants,47,iycf
policies,Topics,Counselling on infant feeding in the context HIV,47,infection|iycf
policies,Topics,Other B-vitamins,46,micronutrient
policies,Topics,Sugar intake,46,ncd_diet
policies,Topics,Infant feeding in emergencies,45,iycf
policies,Topics,Overweight in adolescents,44,ncd_diet
policies,Topics,Mandatory fortification of wheat flours with iron,43,anaemia|fortification
policies,Topics,Vitamin B12,43,micronutrient
policies,Topics,Fortification of wheat flour with iron aligned with WHO guidance,40,anaemia|fortification
policies,Topics,Sanctions exist,40,governance
policies,Topics,Fortification of wheat flour with folic acid aligned with WHO guidance,39,anaemia|fortification
policies,Topics,Mandatory fortification of margarine or edible oils with vitamin A,39,fortification|micronutrient
policies,Topics,Mandatory fortification of wheat flours with folic acid,39,anaemia|fortification
policies,Topics,"Mineral, aerated or flavoured waters (taxes)",39,micronutrient|ncd_diet
policies,Topics,Nutritional care & support for people with TB,38,infection
policies,Topics,Anaemia in adolescent girls,37,anaemia|maternal
policies,Topics,Biofortifcation,37,fortification
policies,Topics,100%,35,
policies,Topics,Health professional  training on breastfeeding,35,iycf|schools_education
policies,Topics,Creation of healthy food environment,34,ncd_diet
policies,Topics,Dietary guidelines,34,ncd_diet
policies,Topics,Food-based dietary guidelines (FBDG),34,ncd_diet
policies,Topics,Monitoring mechanism established,34,governance
policies,Topics,Monitoring of the Code,34,governance
policies,Topics,Promotion of fruit and vegetable intake,34,ncd_diet
policies,Topics,Volume or weight based specific excise tax,34,ncd_diet
policies,Topics,Monitoring of children's growth in school,33,schools_education|wasting_stunting
policies,Topics,Complementary foods,32,iycf
policies,Topics,Nutrition and malaria,32,infection
policies,Topics,Capacity building for the Code,31,governance
policies,Topics,"Maternal, infant and young child nutrition",31,iycf|maternal
policies,Topics,Nutrition sensitive actions,31,food_security
policies,Topics,School meal standard,31,food_security|schools_education
policies,Topics,Raised blood cholesterol,30,ncd_diet
policies,Topics,Paid breastfeeding breaks,29,iycf|maternal
policies,Topics,Vitamin and mineral nutrition,29,micronutrient
policies,Topics,Voluntary fortification,29,fortification
policies,Topics,Acute malnutrition,28,wasting_stunting
policies,Topics,Mandatory fortification of wheat flours with zinc,28,fortification|micronutrient
policies,Topics,Regulating marketing of unhealthy foods and beverages to children,28,ncd_diet
policies,Topics,Regulation/guidelines on types of foods and beverages available,28,ncd_diet
policies,Topics,Minimum dietary diversity of women,27,maternal
policies,Topics,Overweight and obesity in school age children and adolescents,27,ncd_diet|schools_education
policies,Topics,Schools (standards),27,ncd_diet|schools_education
policies,Topics,Underweight in adolescent girls,26,maternal
policies,Topics,Home grown school feeding,25,food_security|schools_education
policies,Topics,Fat intake,24,ncd_diet
policies,Topics,Fruit and vegetable juice drinks (<100%) (taxes),24,ncd_diet
policies,Topics,Fruit and vegetable juices (100%) (taxes),24,ncd_diet
policies,Topics,Salt/sodium,24,ncd_diet
policies,Topics,Complementary food provision,23,iycf
policies,Topics,Less than 14 weeks,23,
policies,Topics,Mandatory fortification of wheat flours with cobalamin (B12),23,fortification|micronutrient
policies,Topics,Nutrition and infectious disease,23,infection
policies,Topics,Undefined non-alcoholic or aerated beverages (taxes),23,ncd_diet
policies,Topics,Ingredients list,22,ncd_diet
policies,Topics,14 weeks or more,21,
policies,Topics,Health related,21,
policies,Topics,Labelling: Message on superiority of breastfeeding,21,iycf
policies,Topics,Mandatory fortification of maize flours with iron,21,anaemia|fortification
policies,Topics,Mandatory fortification of wheat flours with niacin (B3),21,fortification|micronutrient
policies,Topics,Mandatory fortification of wheat flours with riboflavin (B2),21,fortification|micronutrient
policies,Topics,Mandatory fortification of wheat flours with thiamin (B1),21,fortification|micronutrient
policies,Topics,Promotion of healthy diet and prevention of obesity and diet-related NCDs,21,ncd_diet
policies,Topics,Fortification of maize flours with folic acid aligned with WHO guidance,20,anaemia|fortification
policies,Topics,Fortification of maize flours with iron aligned with WHO guidance,20,anaemia|fortification
policies,Topics,Overweight in school children,20,ncd_diet|schools_education
policies,Topics,Regulation on marketing of complementary foods,20,iycf
policies,Topics,Calcium,19,micronutrient
policies,Topics,Employer liability,19,
policies,Topics,Healthy food environment in workplaces,19,ncd_diet
policies,Topics,Mandatory fortification of maize flours with folic acid,19,anaemia|fortification
policies,Topics,Nutrition in schools,19,schools_education
policies,Topics,Breastfeeding in difficult circumstances,18,iycf
policies,Topics,Labelling: Recommended age for designated product,18,iycf
policies,Topics,Refined sugar,18,ncd_diet
policies,Topics,Fats,17,ncd_diet
policies,Topics,Foods and snacks (taxes),17,ncd_diet
policies,Topics,Mandatory fortification of maize flours with zinc,17,fortification|micronutrient
policies,Topics,Multiple micronutrients supplementation,17,anaemia
policies,Topics,Diet-related NCDs,16,ncd_diet
policies,Topics,Fortification of oils and fats with vitamin A aligned with WHO guidance,16,fortification|micronutrient
policies,Topics,Full social security,16,food_security
policies,Topics,Mandatory fortification of maize flours with cobalamin (B12),16,fortification|micronutrient
policies,Topics,Mandatory fortification of maize flours with niacin (B3),16,fortification|micronutrient
policies,Topics,Mandatory fortification of maize flours with riboflavin (B2),16,fortification|micronutrient
policies,Topics,Mandatory fortification of maize flours with thiamin (B1),16,fortification|micronutrient
policies,Topics,Mandatory fortification of wheat flours with pyridoxine (B6),16,fortification|micronutrient
policies,Topics,Mandatory fortification of wheat flours with vitamin A,16,fortification|micronutrient
policies,Topics,"Overweight, obesity and diet-related NCDs",16,ncd_diet
policies,Topics,Promotion to the general public: Prohibition of advertising of BMS - Fully implemented,16,iycf
policies,Topics,Promotion to the general public: Prohibition of sale promotions - Fully implemented,16,iycf
policies,Topics,Dietary practice,15,ncd_diet
policies,Topics,Food vehicles (i.e. types of fortified foods),15,fortification
policies,Topics,Fruit and vegetables (standards),15,ncd_diet
policies,Topics,Mandatory for pre-packaged foods with a health claim,15,ncd_diet
policies,Topics,Mandatory fortification of maize flours with pyridoxine (B6),15,fortification|micronutrient
policies,Topics,Mandatory fortification of maize flours with vitamin A,15,fortification|micronutrient
policies,Topics,Procure from local sources,15,food_security
policies,Topics,Promotion to health workers and health facilities: Prohibition of free/low-cost supplies of BMS - Fully implemented,15,iycf
policies,Topics,Promotion to health workers and health facilities: Prohibition of materials/gifts - Fully implemented,15,iycf
policies,Topics,Voluntary standards,15,
policies,Topics,Water (standards),15,ncd_diet
policies,Topics,Ban or virtual elimination of industrial trans fatty acids,14,ncd_diet
policies,Topics,Mandatory standards,14,
policies,Topics,Right to food,14,food_security
policies,Topics,Specific nutrition criteria,14,ncd_diet
policies,Topics,Trans fat intake,14,ncd_diet
policies,Topics,Nutrient declaration (i.e. back-of-pack labelling),13,ncd_diet
policies,Topics,Saturated fat intake,13,ncd_diet
policies,Topics,School lunches,13,food_security|schools_education
policies,Topics,Staple foods,13,
policies,Topics,Fats and oils (taxes),12,ncd_diet
policies,Topics,Functioning implementation and monitoring mechanism - Fully implemented,12,governance
policies,Topics,Subsidies on healthy foods,12,food_security
policies,Topics,Sugars (solid or liquid) (taxes),12,ncd_diet
policies,Topics,Food sovereignty,11,food_security
policies,Topics,Nutrient declaration (back-of-pack labelling),11,ncd_diet
policies,Topics,Partial social security,11,food_security
policies,Topics,Salt reduction,11,ncd_diet
policies,Topics,Social protection related,11,food_security
policies,Topics,Total fat intake,11,ncd_diet
policies,Topics,Energy drinks (taxes),10,ncd_diet
policies,Topics,"Pulses,  legumes, nuts (standards)",10,ncd_diet
policies,Topics,Sugars,10,ncd_diet
policies,Topics,Trans fat,10,ncd_diet
policies,Topics,Vitamin D,10,micronutrient
policies,Topics,Claim must be substantiated,9,
policies,Topics,Fruits,9,
policies,Topics,Right to health,9,
policies,Topics,"Syrups, powders or concentrates (taxes)",9,ncd_diet
policies,Topics,Total sugars (taxes),9,ncd_diet
policies,Topics,Voluntary fortification of wheat flours with iron (amended),9,anaemia|fortification
policies,Topics,Beverages (taxes),8,ncd_diet
policies,Topics,"Fat reduction (total, saturated, trans)",8,ncd_diet
policies,Topics,Front of pack labelling,8,ncd_diet
policies,Topics,"Mineral, aerated, flavoured waters with non-sugar sweetener (taxes)",8,micronutrient|ncd_diet
policies,Topics,Vegetables,8,
policies,Topics,Any foods and beverages sold in school,7,ncd_diet|schools_education
policies,Topics,Fiscal policies,7,ncd_diet
policies,Topics,Fluoride,7,
policies,Topics,"Fortified staple foods (wheat, rice, maize) (standards)",7,fortification|ncd_diet
policies,Topics,Iodized salt (standards),7,fortification|ncd_diet
policies,Topics,Mandatory fortification of sugar with vitamin A,7,fortification|micronutrient
policies,Topics,Reformulation of foods and beverages,7,ncd_diet
policies,Topics,Sugar content specific excise tax,7,ncd_diet
policies,Topics,Sugar-sweetened beverages (standards),7,ncd_diet
policies,Topics,Sweetened milks and milk or youghurt drinks (taxes),7,ncd_diet
policies,Topics,Any foods and beverages offered in school,6,ncd_diet|schools_education
policies,Topics,"Confectionary, savoury snacks, cakes and pastries (standards)",6,ncd_diet
policies,Topics,Criteria based on national FBDGs (standards),6,ncd_diet
policies,Topics,Fish (standards),6,ncd_diet
policies,Topics,Fried foods (standards),6,ncd_diet
policies,Topics,Healthy food environment in hospitals,6,ncd_diet
policies,Topics,Measures to limit sodium content,6,ncd_diet
policies,Topics,Milk,6,
policies,Topics,"Mineral, aerated or flavoured waters with added sugars (taxes)",6,micronutrient|ncd_diet
policies,Topics,"Settings where children gather such as schools, childcare and other educational establishments",6,schools_education
policies,Topics,Sugar reduction,6,ncd_diet
policies,Topics,Use seasonal produce,6,
policies,Topics,Voluntary fortification of wheat flours with folic acid (amended),6,anaemia|fortification
policies,Topics,Whole grain bread and cereals (standards),6,ncd_diet
policies,Topics,Breastfeeding facilities,5,iycf
policies,Topics,Carbonated or non-carbonated soft drinks (standards),5,ncd_diet
policies,Topics,Fruit and vegetable juices and drinks with added sugars (taxes),5,ncd_diet
policies,Topics,Lean meat (standards),5,ncd_diet
policies,Topics,Mandatory fortification of margarine or edible oils with vitamin D,5,fortification|micronutrient
policies,Topics,Mandatory fortification of wheat flours with other micronutrients,5,fortification
policies,Topics,Mandatory reformulation,5,ncd_diet
policies,Topics,Packed school lunches,5,food_security|schools_education
policies,Topics,Promotion to the general public: Prohibition of advertising of BMS,5,iycf
policies,Topics,Salt and high-sodium condiments (standards),5,ncd_diet
policies,Topics,School breakfasts or snacks,5,ncd_diet|schools_education
policies,Topics,School food provided free of charge,5,schools_education
policies,Topics,Vendors outside school,5,schools_education
policies,Topics,Voluntary fortification of maize flours with cobalamin (B12),5,fortification|micronutrient
policies,Topics,Voluntary fortification of maize flours with folic acid,5,anaemia|fortification
policies,Topics,Voluntary fortification of maize flours with niacin (B3),5,fortification|micronutrient
policies,Topics,Voluntary fortification of maize flours with riboflavin (B2),5,fortification|micronutrient
policies,Topics,Voluntary fortification of maize flours with thiamin (B1),5,fortification|micronutrient
policies,Topics,Voluntary fortification of maize flours with vitamin A,5,fortification|micronutrient
policies,Topics,Voluntary fortification of maize flours with zinc,5,fortification|micronutrient
policies,Topics,Voluntary fortification of wheat flours with iron,5,anaemia|fortification
policies,Topics,Voluntary fortification of wheat flours with niacin (B3),5,fortification|micronutrient
policies,Topics,Voluntary fortification of wheat flours with riboflavin (B2),5,fortification|micronutrient
policies,Topics,Voluntary fortification of wheat flours with thiamin (B1),5,fortification|micronutrient
policies,Topics,Added sugars,4,ncd_diet
policies,Topics,Amount of saturated fatty acids,4,ncd_diet
policies,Topics,Amount of total fat,4,
policies,Topics,"Bread, bread products and crisp breads (Reformulation sodium)",4,ncd_diet
policies,Topics,Butter and other fats and oils (Reformulation sodium),4,ncd_diet
policies,Topics,Distribution of take home rations,4,
policies,Topics,Energy (standards),4,ncd_diet
policies,Topics,Exceptions (taxes),4,ncd_diet
policies,Topics,Food stores and snack bars in schools,4,schools_education
policies,Topics,Foods high in fats (standards),4,ncd_diet
policies,Topics,Functioning implementation and monitoring mechanism,4,governance
policies,Topics,Less than 66.7%,4,
policies,Topics,Low fat milk (standards),4,ncd_diet
policies,Topics,Mandatory fortification of maize flours with other micronutrients,4,fortification
policies,Topics,Mandatory marketing restrictions,4,
policies,Topics,Objective to reduce climate impact of food,4,
policies,Topics,Portion size control,4,
policies,Topics,Processed foods (standards),4,ncd_diet
policies,Topics,Promotion to health workers and health facilities: Prohibition of free/low-cost supplies of BMS,4,iycf
policies,Topics,Promotion to health workers and health facilities: Prohibition of materials/gifts,4,iycf
policies,Topics,Promotion to the general public: Prohibition of sale promotions,4,iycf
policies,Topics,"Sauces, dips and dressings (Reformulation sodium)",4,ncd_diet
policies,Topics,Total fat (standards),4,ncd_diet
policies,Topics,Voluntary fortification of maize flours with iron,4,anaemia|fortification
policies,Topics,Voluntary fortification of maize flours with iron (amended),4,anaemia|fortification
policies,Topics,Voluntary fortification of maize flours with pyridoxine (B6),4,fortification|micronutrient
policies,Topics,Voluntary fortification of wheat flours with niacin (B3) (amended),4,fortification|micronutrient
policies,Topics,Voluntary fortification of wheat flours with riboflavin (B2) (amended),4,fortification|micronutrient
policies,Topics,Voluntary fortification of wheat flours with thiamin (B1) (amended),4,fortification|micronutrient
policies,Topics,Voluntary fortification of wheat flours with vitamin A,4,fortification|micronutrient
policies,Topics,Voluntary fortification of wheat flours with zinc,4,fortification|micronutrient
policies,Topics,All non-alcoholic beverages with added sugars (taxes),3,ncd_diet
policies,Topics,Amount of available carbohydrate,3,
policies,Topics,Amount of protein,3,
policies,Topics,Amount of salt/sodium,3,ncd_diet
policies,Topics,Amount of total sugars,3,ncd_diet
policies,Topics,Amount of trans fatty acids,3,ncd_diet
policies,Topics,Breakfast cereals (Reformulation sodium),3,ncd_diet
policies,Topics,Delayed cord clamping,3,iycf
policies,Topics,Energy and sport drinks (standards),3,ncd_diet
policies,Topics,Foods high in salt (standards),3,ncd_diet
policies,Topics,Foods high in sugars (standards),3,ncd_diet
policies,Topics,Free sugars,3,ncd_diet
policies,Topics,Fruit and vegetable juice drinks (<100%) (standards),3,ncd_diet
policies,Topics,Limit on 2 g / 100 g fat in all foods,3,
policies,Topics,Liquid and powder concentrates (standards),3,ncd_diet
policies,Topics,Mandatory for all pre-packaged foods,3,
policies,Topics,Mandatory fortification of margarine or edible oils,3,fortification
policies,Topics,Mandatory in schools only,3,schools_education
policies,Topics,"Processed meat, poultry, game, fish and similar (Reformulation sodium)",3,ncd_diet
policies,Topics,Ready-made and convenience foods and composite dishes (Reformulation sodium),3,ncd_diet
policies,Topics,Removal of taxes on healthy foods,3,ncd_diet
policies,Topics,Saturated fats (standards),3,ncd_diet
policies,Topics,Savoury snacks (Reformulation sodium),3,ncd_diet
policies,Topics,School food subsidized,3,schools_education
policies,Topics,School fruit and vegetable scheme,3,food_security|ncd_diet|schools_education
policies,Topics,Sodium (standards),3,ncd_diet
policies,Topics,Voluntary fortification of maize flours with folic acid (amended),3,anaemia|fortification
policies,Topics,Voluntary fortification of margarine or edible oils with vitamin A (amended),3,fortification|micronutrient
policies,Topics,Voluntary fortification of salt with fluoride,3,fortification
policies,Topics,Voluntary fortification of wheat flours with calcium,3,fortification|micronutrient
policies,Topics,Voluntary fortification of wheat flours with cobalamin (B12),3,fortification|micronutrient
policies,Topics,Voluntary fortification of wheat flours with cobalamin (B12) (amended),3,fortification|micronutrient
policies,Topics,Voluntary fortification of wheat flours with folic acid,3,anaemia|fortification
policies,Topics,Voluntary fortification of wheat flours with other micronutrients (amended),3,fortification
policies,Topics,Voluntary fortification of wheat flours with pyridoxine (B6),3,fortification|micronutrient
policies,Topics,Voluntary fortification of wheat flours with vitamin A (amended),3,fortification|micronutrient
policies,Topics,Voluntary fortification of wheat flours with zinc (amended),3,fortification|micronutrient
policies,Topics,Voluntary in schools only,3,schools_education
policies,Topics,Voluntary salt iodization,3,fortification
policies,Topics,Added sugars (standards),2,ncd_diet
policies,Topics,Advertising,2,
policies,Topics,All carbonated non-alcoholic beverages (taxes),2,ncd_diet
policies,Topics,Around schools (marketing),2,schools_education
policies,Topics,Balanced energy protein supplement,2,
policies,Topics,Breakfast cereals (Reformulation saturated fat),2,ncd_diet
policies,Topics,"Cakes, sweet biscuits and pastries; other sweet bakery wares; and dry-mixes for making such (Reformulation saturated fat)",2,ncd_diet
policies,Topics,"Chocolate and sugar confectionery, energy bars, and sweet toppings and desserts (Reformulation saturated fat)",2,ncd_diet
policies,Topics,"Chocolate and sugar confectionery, energy bars, and sweet toppings and desserts (Reformulation sodium)",2,ncd_diet
policies,Topics,Energy value (ND),2,
policies,Topics,Fibre,2,
policies,Topics,Follow-up formula,2,
policies,Topics,Foods high in added sugars (standards),2,ncd_diet
policies,Topics,Foods high in energy (standards),2,ncd_diet
policies,Topics,Foods high in saturated fats (standards),2,ncd_diet
policies,Topics,"Fresh or dried pasta, noodles, rice and grains (Reformulation saturated fat)",2,ncd_diet
policies,Topics,Hospitals (standards),2,ncd_diet
policies,Topics,Infant formula,2,iycf
policies,Topics,Mandatory fortification of maize flours,2,fortification
policies,Topics,Mandatory fortification of salt with fluoride,2,fortification
policies,Topics,Mandatory fortification of wheat flours,2,fortification
policies,Topics,Measures to limit saturated fatty acid content,2,ncd_diet
policies,Topics,Menu labelling,2,ncd_diet
policies,Topics,Micronutrients (standards),2,ncd_diet
policies,Topics,Milk (standards),2,ncd_diet
policies,Topics,More than 66.7%,2,
policies,Topics,Other public settings (standards),2,ncd_diet
policies,Topics,Portion size (standards),2,ncd_diet
policies,Topics,Predefined list of foods and beverages (marketing),2,ncd_diet
policies,Topics,Preparation instructions,2,
policies,Topics,"Processed meat, poultry, game, fish and similar (Reformulation saturated fat)",2,ncd_diet
policies,Topics,Ready-to-drink tea or coffee (standards),2,ncd_diet
policies,Topics,School activities (e.g. sport days),2,schools_education
policies,Topics,School milk scheme,2,food_security|schools_education
policies,Topics,"Sweetened cocoa, coffee or tea drinks (taxes)",2,ncd_diet
policies,Topics,Sweetened or flavored milk drinks (standards),2,ncd_diet
policies,Topics,Tiered tax based on sugar content,2,ncd_diet
policies,Topics,Total sugars (standards),2,ncd_diet
policies,Topics,Trans-fats (standards),2,ncd_diet
policies,Topics,Unpaid breastfeeding breaks,2,iycf|maternal
policies,Topics,Unsaturated oils for cooking (standards),2,ncd_diet
policies,Topics,Voluntary fortification of maize flours with calcium,2,fortification|micronutrient
policies,Topics,Voluntary fortification of maize flours with cobalamin (B12) (amended),2,fortification|micronutrient
policies,Topics,Voluntary fortification of maize flours with niacin (B3) (amended),2,fortification|micronutrient
policies,Topics,Voluntary fortification of maize flours with pyridoxine (B6) (amended),2,fortification|micronutrient
policies,Topics,Voluntary fortification of maize flours with riboflavin (B2) (amended),2,fortification|micronutrient
policies,Topics,Voluntary fortification of maize flours with thiamin (B1) (amended),2,fortification|micronutrient
policies,Topics,Voluntary fortification of maize flours with zinc (amended),2,fortification|micronutrient
policies,Topics,Voluntary fortification of margarine or edible oils with vitamin D,2,fortification|micronutrient
policies,Topics,Voluntary fortification of other food products,2,fortification
policies,Topics,Voluntary fortification of salt with iron,2,anaemia|fortification
policies,Topics,Voluntary fortification of wheat flours with other micronutrients,2,fortification
policies,Topics,Voluntary fortification of wheat flours with pyridoxine (B6) (amended),2,fortification|micronutrient
policies,Topics,Voluntary marketing restrictions,2,
policies,Topics,Voluntary salt iodization (amended),2,fortification
policies,Topics,18 weeks or more,1,
policies,Topics,Advertising (in streets and stores),1,
policies,Topics,Amount of dietary fibre,1,
policies,Topics,Appropriate age of introduction of food not before 6 mos,1,
policies,Topics,Award / certification,1,
policies,Topics,Bans of pictures/text idealizing infant formula,1,iycf
policies,Topics,Beverages (Reformulation saturated fat),1,ncd_diet
policies,Topics,Beverages (Reformulation sodium),1,ncd_diet
policies,Topics,Butter and other fats and oils (Reformulation saturated fat),1,ncd_diet
policies,Topics,"Cakes, sweet biscuits and pastries; other sweet bakery wares; and dry-mixes for making such (Reformulation sodium)",1,ncd_diet
policies,Topics,Cheese (Reformulation sodium),1,ncd_diet
policies,Topics,Complementary foods (Code),1,iycf
policies,Topics,Employ environmentally friendly cooking and handling,1,
policies,Topics,Empowered to impose legal sanctions,1,governance
policies,Topics,Fat (marketing),1,
policies,Topics,Food category not specified (Reformulation saturated fat),1,ncd_diet
policies,Topics,Foods high in fibre (standards),1,ncd_diet
policies,Topics,Foods high in micronutrients (standards),1,ncd_diet
policies,Topics,Foods high in trans fats (standards),1,ncd_diet
policies,Topics,Full fat milk (standards),1,ncd_diet
policies,Topics,General statement not market excessive intake of food or approve unhealthy food,1,
policies,Topics,Give-aways,1,
policies,Topics,"Limit exists for some settings, products or areas only",1,
policies,Topics,Limited or prohibited food,1,
policies,Topics,Mandatory fortification in areas with micronutrient deficiency,1,fortification
policies,Topics,Mandatory fortification of margarine or edible oils with vitamin A (amended),1,fortification|micronutrient
policies,Topics,Mandatory fortification of margarine or edible oils with vitamin D (amended),1,fortification|micronutrient
policies,Topics,Mandatory fortification of margarine or oils with vitamin E (amended),1,fortification|micronutrient
policies,Topics,Mandatory fortification of other food products,1,fortification
policies,Topics,Mandatory fortification of salt,1,fortification
policies,Topics,Mandatory fortification of sugar,1,fortification
policies,Topics,Mandatory salt iodization (amended),1,fortification
policies,Topics,Message on superiority of breastfeeding,1,iycf
policies,Topics,Only to be used on advice of health worker,1,
policies,Topics,Positive nutrients (marketing),1,
policies,Topics,"Processed fruit, vegetables and legumes (Reformulation sodium)",1,ncd_diet
policies,Topics,Promotions,1,
policies,Topics,Ready-made and convenience foods and composite dishes (Reformulation saturated fat),1,ncd_diet
policies,Topics,Red meat (standards),1,ncd_diet
policies,Topics,Restaurants and food outlets (standards),1,ncd_diet
policies,Topics,Right to water,1,
policies,Topics,Salt/sodium (marketing),1,ncd_diet
policies,Topics,Saturated fat (taxes),1,ncd_diet
policies,Topics,Savoury snacks (Reformulation saturated fat),1,ncd_diet
policies,Topics,Selenium,1,
policies,Topics,Sugar-sweetened beverages (marketing),1,ncd_diet
policies,Topics,Sugars (standards),1,ncd_diet
policies,Topics,Total carbohydrate,1,
policies,Topics,Trans fat (taxes),1,ncd_diet
policies,Topics,Ultraprocessed foods (standards),1,ncd_diet
policies,Topics,Vending machines in schools,1,ncd_diet|schools_education
policies,Topics,Voluntary fortification of maize flours with magnesium,1,fortification
policies,Topics,Voluntary fortification of maize flours with other micronutrients,1,fortification
policies,Topics,Voluntary fortification of maize flours with other micronutrients (amended),1,fortification
policies,Topics,Voluntary fortification of maize flours with vitamin A (amended),1,fortification|micronutrient
policies,Topics,Voluntary fortification of margarine or edible oils with other micronutrients,1,fortification
policies,Topics,Voluntary fortification of margarine or edible oils with other micronutrients (amended),1,fortification
policies,Topics,Voluntary fortification of margarine or edible oils with vitamin E,1,fortification|micronutrient
policies,Topics,Voluntary fortification of salt with magnesium,1,fortification
policies,Topics,Voluntary fortification of sugar with vitamin A (amended),1,fortification|micronutrient
policies,Topics,Voluntary fortification of wheat flours with calcium (amended),1,fortification|micronutrient
policies,Topics,Voluntary fortification of wheat flours with magnesium,1,fortification
policies,Topics,Voluntary fortification of wheat flours with pantothenic acid (B5),1,fortification
policies,Topics,Voluntary fortification of wheat flours with vitamin C,1,fortification|micronutrient
policies,Topics,Voluntary fortification of wheat flours with vitamin C (amended),1,fortification|micronutrient
policies,Topics,Voluntary reformulation,1,ncd_diet
policies,Topics,"Yoghurt, sour milk, cream and other similar foods (Reformulation saturated fat)",1,ncd_diet
programmes,Target_Group,Preschool-age children (Pre-SAC),378,schools_education
programmes,Target_Group,Infants and young children,374,iycf
programmes,Target_Group,School age children (SAC),371,schools_education
programmes,Theme,Micronutrient supplementation,367,micronutrient
programmes,Target_Group,Pregnant women (PW),303,maternal
programmes,Target_Group,All population groups,300,
programmes,Theme,Promotion of healthy diet and prevention of obesity and diet-related NCDs,234,ncd_diet
programmes,Theme,Food fortification,212,fortification
programmes,Target_Group,Lactating women (LW),208,maternal
programmes,Theme,Management of wasting,196,wasting_stunting
programmes,Micronutrient,Vitamin A,194,micronutrient
programmes,Theme,Nutrition and infectious disease,184,infection
programmes,Micronutrient,Iron,182,anaemia
programmes,Theme,Breastfeeding promotion and counselling,155,iycf
programmes,Theme,Nutrition in schools,144,schools_education
programmes,Micronutrient,Folic acid,138,anaemia
programmes,Topic,Vitamin A supplementation,112,micronutrient
programmes,Topic,Wheat flour fortification,107,fortification
programmes,Topic,Deworming,104,infection
programmes,Micronutrient,Iodine,91,micronutrient
programmes,Topic,Iron and folic acid supplementation,84,anaemia
programmes,Theme,Health-related,81,
programmes,Target_Group,Women of reproductive age (WRA),80,maternal
programmes,Topic,Management of severe acute malnutrition,75,wasting_stunting
programmes,Micronutrient,Zinc,74,micronutrient
programmes,Target_Group,Adult men and women,73,
programmes,Target_Group,Infants (up to 1 year of age),70,iycf
programmes,Topic,Breastfeeding promotion and/or counselling,68,iycf
programmes,Topic,Food distribution/supplementation for prevention of acute malnutrition,66,food_security|wasting_stunting
programmes,Target_Group,Newborns (up to 28 days of age),62,iycf
programmes,Topic,Salt iodization (Problem for action),61,fortification
programmes,Target_Group,Pregnant/lactating women with HIV/AIDS,60,infection|maternal
programmes,Target_Group,SAM child,56,wasting_stunting
programmes,Topic,Growth monitoring and promotion,55,wasting_stunting
programmes,Topic,Nutrition education and counselling,52,schools_education
programmes,Topic,Management of moderate malnutrition,51,wasting_stunting
programmes,Topic,Counselling on nutritional support&care for people living with HIV,50,infection
programmes,Theme,Food security and agriculture-related,49,food_security
programmes,Topic,Iron supplementation,47,anaemia
programmes,Target_Group,HIV cases,41,infection
programmes,Topic,Infant feeding in the context of HIV,41,infection|iycf
programmes,Topic,Multiple micronutrients supplementation,41,anaemia
programmes,Target_Group,MAM child,38,wasting_stunting
programmes,Topic,School feeding programmes,36,food_security|schools_education
programmes,Micronutrient,B vitamins,35,micronutrient
programmes,Topic,Oil fortification,35,fortification
programmes,Topic,Media promotion of healthy nutrition,34,ncd_diet
programmes,Target_Group,TB cases,33,infection
programmes,Topic,Zinc supplementation,33,micronutrient
programmes,Target_Group,Adolescents,30,
programmes,Topic,Counselling on nutritional support & care for people living with TB,30,infection
programmes,Theme,Baby-friendly Hospital Initiative (BFHI),29,iycf
programmes,Topic,Baby-friendly Hospital Initiative (BFHI),28,iycf
programmes,Topic,Nutrition education included in school curriculum,27,schools_education
programmes,Topic,Iodine supplementation,26,micronutrient
programmes,Theme,Other non-health-related,25,
programmes,Topic,Feeding of LBW infants,25,iycf
programmes,Topic,"Home, school or community gardening",24,food_security|schools_education
programmes,Target_Group,Family ( living in same household),21,
programmes,Topic,Distribution of insecticide-treated bednets,20,infection
programmes,Topic,Infant feeding in the context of emergencies,20,iycf
programmes,Topic,Food-based dietary guidelines,19,ncd_diet
programmes,Topic,Maize/corn flour fortification,19,fortification
programmes,Topic,Multiple micronutrient powder (point-of-use fortification),18,anaemia|fortification
programmes,Topic,Preventive malaria treatment,18,infection
programmes,Topic,Conditional cash transfer,17,food_security
programmes,Topic,Promotion of food security and agriculture,17,food_security
programmes,Topic,Promotion of improved hygiene practices including handwashing,16,infection
programmes,Target_Group,Females,15,maternal
programmes,Topic,Folic acid supplementation,15,anaemia
programmes,Topic,Monitoring children's growth in schools,14,schools_education|wasting_stunting
programmes,Topic,Micronutrient supplementation in schools,13,micronutrient|schools_education
programmes,Topic,Nutrient declaration,13,ncd_diet
programmes,Topic,Complementary food fortification,12,fortification|iycf
programmes,Topic,Extracurricular nutrition education,12,schools_education
programmes,Target_Group,Elderly,11,
programmes,Topic,Nutrient-based dietary guidelines,11,ncd_diet
programmes,Topic,School fruit and vegetable scheme,11,food_security|ncd_diet|schools_education
programmes,Micronutrient,Calcium,10,micronutrient
programmes,Target_Group,Diarrhoea cases,10,infection
programmes,Topic,Implementation of legislation on marketing of unhealthy foods and beverages to children,10,ncd_diet
programmes,Topic,Nutrition and health claims,10,ncd_diet
programmes,Topic,Sugar fortification,10,fortification
programmes,Topic,Calcium supplementation,9,micronutrient
programmes,Topic,Nutrition-Friendly Schools Initiative (NFSI)/Health promoting schools,9,schools_education
programmes,Topic,Provision of safe water,9,infection
programmes,Topic,Taxation and price policies,9,ncd_diet
programmes,Topic,Improved food safety at vending places,8,ncd_diet
programmes,Topic,Labelling of food products,8,ncd_diet
programmes,Topic,Standards or rules for foods and beverages available in schools,8,ncd_diet|schools_education
programmes,Topic,Women's education,8,maternal|schools_education
programmes,Topic,School milk scheme,7,food_security|schools_education
programmes,Topic,Promotion and implementation of properly timed cord clamping,6,iycf
programmes,Target_Group,Stunted child,5,wasting_stunting
programmes,Topic,Margarine/butter fortification,5,fortification
programmes,Topic,Promotion of fruit and vegetable intake,5,ncd_diet
programmes,Micronutrient,Vitamin D,4,micronutrient
programmes,Target_Group,Non-pregnant women (NPW),4,maternal
programmes,Target_Group,"Non-pregnant, non-lactating women (NPNLW)",4,maternal
programmes,Topic,Lipid-based nutrient supplementation,4,anaemia
programmes,Topic,Standards for marketing of food and non-alcoholic beverages to children in school setting,4,ncd_diet|schools_education
programmes,Target_Group,Malaria cases,3,infection
programmes,Theme,Front-of-pack labelling,3,ncd_diet
programmes,Topic,Biofortification,3,fortification
programmes,Topic,Crop selection strategies,3,food_security
programmes,Topic,Front-of-pack labelling system,3,ncd_diet
programmes,Topic,Promotion of household food security,3,food_security
programmes,Topic,"Reformulation of foods and/or beverages to reduce saturated fatty acid, trans fatty acid, sugars or salt/sodium content",3,ncd_diet
programmes,Topic,Vending machines not allowed in schools,3,ncd_diet|schools_education
programmes,Target_Group,Internally displaced people (IDPs)/refugees,2,
programmes,Topic,Food diversification,2,food_security
programmes,Topic,Menu labelling,2,ncd_diet
programmes,Topic,Oral rehydration solution promotion,2,infection
programmes,Topic,Rice fortification,2,fortification
programmes,Topic,Vaccination,2,infection
programmes,Target_Group,Males,1,
programmes,Theme,"Maternal, infant and young child nutrition",1,iycf|maternal
programmes,Topic,Baby-friendly community initiative,1,iycf
programmes,Topic,Ban or virtual elimination of industrial trans fatty acids,1,ncd_diet
programmes,Topic,Care of LBW infants,1,iycf
programmes,Topic,Implementation of maternity protection,1,maternal
programmes,Topic,Other food fortification,1,fortification
programmes,Topic,Promotion of healthy diets,1,ncd_diet
programmes,Topic,Reformulation of foods and/or beverages to reduce salt/sodium content,1,ncd_diet
mechanisms,Topics,"Maternal, infant and young child nutrition",40,iycf|maternal
mechanisms,Topics,Nutrition sensitive actions,40,food_security
mechanisms,Topics,Acute malnutrition,37,wasting_stunting
mechanisms,Topics,Vitamin and mineral nutrition,37,micronutrient
mechanisms,Topics,Nutrition and infectious disease,33,infection
mechanisms,Topics,Nutrition in schools,33,schools_education
mechanisms,Topics,Promotion of healthy diet and prevention of obesity and diet-related NCDs,31,ncd_diet
mechanisms,Topics,Fortification of salt,19,fortification
mechanisms,Topics,Fortification of wheat flour,12,fortification
mechanisms,Topics,Fortification of oils and margarine,11,fortification
mechanisms,Topics,International Code of Marketing of Breast-milk Substitutes,6,iycf
mechanisms,Topics,Fortification of maize flour,4,fortification
mechanisms,Topics,Nutrient declaration,4,ncd_diet
mechanisms,Topics,Standards or rules for foods and beverages available in schools,3,ncd_diet|schools_education
mechanisms,Topics,Menu labelling,2,ncd_diet
mechanisms,Topics,Ban or virtual elimination of industrial trans fatty acids,1,ncd_diet
mechanisms,Topics,Food fortification,1,fortification
mechanisms,Topics,Fortification of condiments and seasonings,1,fortification
mechanisms,Topics,Fortification of sugar,1,fortification
mechanisms,Topics,Regulating marketing of unhealthy foods and beverages to children,1,ncd_diet
