"area","year","Prevalence of severe food insecurity in the male adult population (percent) (annual value)","Prevalence of severe food insecurity in the female adult population (percent) (annual value)","Prevalence of severe food insecurity in the total population (percent) (annual value)"
"Angola",2000,NA,NA,NA
"Benin",2000,NA,NA,NA
"Botswana",2000,NA,NA,NA
"Burkina Faso",2000,NA,NA,NA
"Burundi",2000,NA,NA,NA
"Cabo Verde",2000,NA,NA,NA
"Cameroon",2000,NA,NA,NA
"Central African Republic",2000,NA,NA,NA
"Chad",2000,NA,NA,NA
"Comoros",2000,NA,NA,NA
"Congo",2000,NA,NA,NA
"Cote d'Ivoire",2000,NA,NA,NA
"Democratic Republic of the Congo",2000,NA,NA,NA
"Djibouti",2000,NA,NA,NA
"Equatorial Guinea",2000,NA,NA,NA
"Eritrea",2000,NA,NA,NA
"Eswatini",2000,NA,NA,NA
"Ethiopia",2000,NA,NA,NA
"Gabon",2000,NA,NA,NA
"Gambia",2000,NA,NA,NA
"Ghana",2000,NA,NA,NA
"Guinea",2000,NA,NA,NA
"Guinea-Bissau",2000,NA,NA,NA
"Kenya",2000,NA,NA,NA
"Lesotho",2000,NA,NA,NA
"Liberia",2000,NA,NA,NA
"Madagascar",2000,NA,NA,NA
"Malawi",2000,NA,NA,NA
"Mali",2000,NA,NA,NA
"Mauritania",2000,NA,NA,NA
"Mauritius",2000,NA,NA,NA
"Mozambique",2000,NA,NA,NA
"Namibia",2000,NA,NA,NA
"Niger",2000,NA,NA,NA
"Nigeria",2000,NA,NA,NA
"Rwanda",2000,NA,NA,NA
"Sao Tome and Principe",2000,NA,NA,NA
"Senegal",2000,NA,NA,NA
"Seychelles",2000,NA,NA,NA
"Sierra Leone",2000,NA,NA,NA
"Somalia",2000,NA,NA,NA
"South Africa",2000,NA,NA,NA
"South Sudan",2000,NA,NA,NA
"Sudan",2000,NA,NA,NA
"Togo",2000,NA,NA,NA
"Uganda",2000,NA,NA,NA
"United Republic of Tanzania",2000,NA,NA,NA
"Zambia",2000,NA,NA,NA
"Zimbabwe",2000,NA,NA,NA
"Angola",2001,NA,NA,NA
"Benin",2001,NA,NA,NA
"Botswana",2001,NA,NA,NA
"Burkina Faso",2001,NA,NA,NA
"Burundi",2001,NA,NA,NA
"Cabo Verde",2001,NA,NA,NA
"Cameroon",2001,NA,NA,NA
"Central African Republic",2001,NA,NA,NA
"Chad",2001,NA,NA,NA
"Comoros",2001,NA,NA,NA
"Congo",2001,NA,NA,NA
"Cote d'Ivoire",2001,NA,NA,NA
"Democratic Republic of the Congo",2001,NA,NA,NA
"Djibouti",2001,NA,NA,NA
"Equatorial Guinea",2001,NA,NA,NA
"Eritrea",2001,NA,NA,NA
"Eswatini",2001,NA,NA,NA
"Ethiopia",2001,NA,NA,NA
"Gabon",2001,NA,NA,NA
"Gambia",2001,NA,NA,NA
"Ghana",2001,NA,NA,NA
"Guinea",2001,NA,NA,NA
"Guinea-Bissau",2001,NA,NA,NA
"Kenya",2001,NA,NA,NA
"Lesotho",2001,NA,NA,NA
"Liberia",2001,NA,NA,NA
"Madagascar",2001,NA,NA,NA
"Malawi",2001,NA,NA,NA
"Mali",2001,NA,NA,NA
"Mauritania",2001,NA,NA,NA
"Mauritius",2001,NA,NA,NA
"Mozambique",2001,NA,NA,NA
"Namibia",2001,NA,NA,NA
"Niger",2001,NA,NA,NA
"Nigeria",2001,NA,NA,NA
"Rwanda",2001,NA,NA,NA
"Sao Tome and Principe",2001,NA,NA,NA
"Senegal",2001,NA,NA,NA
"Seychelles",2001,NA,NA,NA
"Sierra Leone",2001,NA,NA,NA
"Somalia",2001,NA,NA,NA
"South Africa",2001,NA,NA,NA
"South Sudan",2001,NA,NA,NA
"Sudan",2001,NA,NA,NA
"Togo",2001,NA,NA,NA
"Uganda",2001,NA,NA,NA
"United Republic of Tanzania",2001,NA,NA,NA
"Zambia",2001,NA,NA,NA
"Zimbabwe",2001,NA,NA,NA
"Angola",2002,NA,NA,NA
"Benin",2002,NA,NA,NA
"Botswana",2002,NA,NA,NA
"Burkina Faso",2002,NA,NA,NA
"Burundi",2002,NA,NA,NA
"Cabo Verde",2002,NA,NA,NA
"Cameroon",2002,NA,NA,NA
"Central African Republic",2002,NA,NA,NA
"Chad",2002,NA,NA,NA
"Comoros",2002,NA,NA,NA
"Congo",2002,NA,NA,NA
"Cote d'Ivoire",2002,NA,NA,NA
"Democratic Republic of the Congo",2002,NA,NA,NA
"Djibouti",2002,NA,NA,NA
"Equatorial Guinea",2002,NA,NA,NA
"Eritrea",2002,NA,NA,NA
"Eswatini",2002,NA,NA,NA
"Ethiopia",2002,NA,NA,NA
"Gabon",2002,NA,NA,NA
"Gambia",2002,NA,NA,NA
"Ghana",2002,NA,NA,NA
"Guinea",2002,NA,NA,NA
"Guinea-Bissau",2002,NA,NA,NA
"Kenya",2002,NA,NA,NA
"Lesotho",2002,NA,NA,NA
"Liberia",2002,NA,NA,NA
"Madagascar",2002,NA,NA,NA
"Malawi",2002,NA,NA,NA
"Mali",2002,NA,NA,NA
"Mauritania",2002,NA,NA,NA
"Mauritius",2002,NA,NA,NA
"Mozambique",2002,NA,NA,NA
"Namibia",2002,NA,NA,NA
"Niger",2002,NA,NA,NA
"Nigeria",2002,NA,NA,NA
"Rwanda",2002,NA,NA,NA
"Sao Tome and Principe",2002,NA,NA,NA
"Senegal",2002,NA,NA,NA
"Seychelles",2002,NA,NA,NA
"Sierra Leone",2002,NA,NA,NA
"Somalia",2002,NA,NA,NA
"South Africa",2002,NA,NA,NA
"South Sudan",2002,NA,NA,NA
"Sudan",2002,NA,NA,NA
"Togo",2002,NA,NA,NA
"Uganda",2002,NA,NA,NA
"United Republic of Tanzania",2002,NA,NA,NA
"Zambia",2002,NA,NA,NA
"Zimbabwe",2002,NA,NA,NA
"Angola",2003,NA,NA,NA
"Benin",2003,NA,NA,NA
"Botswana",2003,NA,NA,NA
"Burkina Faso",2003,NA,NA,NA
"Burundi",2003,NA,NA,NA
"Cabo Verde",2003,NA,NA,NA
"Cameroon",2003,NA,NA,NA
"Central African Republic",2003,NA,NA,NA
"Chad",2003,NA,NA,NA
"Comoros",2003,NA,NA,NA
"Congo",2003,NA,NA,NA
"Cote d'Ivoire",2003,NA,NA,NA
"Democratic Republic of the Congo",2003,NA,NA,NA
"Djibouti",2003,NA,NA,NA
"Equatorial Guinea",2003,NA,NA,NA
"Eritrea",2003,NA,NA,NA
"Eswatini",2003,NA,NA,NA
"Ethiopia",2003,NA,NA,NA
"Gabon",2003,NA,NA,NA
"Gambia",2003,NA,NA,NA
"Ghana",2003,NA,NA,NA
"Guinea",2003,NA,NA,NA
"Guinea-Bissau",2003,NA,NA,NA
"Kenya",2003,NA,NA,NA
"Lesotho",2003,NA,NA,NA
"Liberia",2003,NA,NA,NA
"Madagascar",2003,NA,NA,NA
"Malawi",2003,NA,NA,NA
"Mali",2003,NA,NA,NA
"Mauritania",2003,NA,NA,NA
"Mauritius",2003,NA,NA,NA
"Mozambique",2003,NA,NA,NA
"Namibia",2003,NA,NA,NA
"Niger",2003,NA,NA,NA
"Nigeria",2003,NA,NA,NA
"Rwanda",2003,NA,NA,NA
"Sao Tome and Principe",2003,NA,NA,NA
"Senegal",2003,NA,NA,NA
"Seychelles",2003,NA,NA,NA
"Sierra Leone",2003,NA,NA,NA
"Somalia",2003,NA,NA,NA
"South Africa",2003,NA,NA,NA
"South Sudan",2003,NA,NA,NA
"Sudan",2003,NA,NA,NA
"Togo",2003,NA,NA,NA
"Uganda",2003,NA,NA,NA
"United Republic of Tanzania",2003,NA,NA,NA
"Zambia",2003,NA,NA,NA
"Zimbabwe",2003,NA,NA,NA
"Angola",2004,NA,NA,NA
"Benin",2004,NA,NA,NA
"Botswana",2004,NA,NA,NA
"Burkina Faso",2004,NA,NA,NA
"Burundi",2004,NA,NA,NA
"Cabo Verde",2004,NA,NA,NA
"Cameroon",2004,NA,NA,NA
"Central African Republic",2004,NA,NA,NA
"Chad",2004,NA,NA,NA
"Comoros",2004,NA,NA,NA
"Congo",2004,NA,NA,NA
"Cote d'Ivoire",2004,NA,NA,NA
"Democratic Republic of the Congo",2004,NA,NA,NA
"Djibouti",2004,NA,NA,NA
"Equatorial Guinea",2004,NA,NA,NA
"Eritrea",2004,NA,NA,NA
"Eswatini",2004,NA,NA,NA
"Ethiopia",2004,NA,NA,NA
"Gabon",2004,NA,NA,NA
"Gambia",2004,NA,NA,NA
"Ghana",2004,NA,NA,NA
"Guinea",2004,NA,NA,NA
"Guinea-Bissau",2004,NA,NA,NA
"Kenya",2004,NA,NA,NA
"Lesotho",2004,NA,NA,NA
"Liberia",2004,NA,NA,NA
"Madagascar",2004,NA,NA,NA
"Malawi",2004,NA,NA,NA
"Mali",2004,NA,NA,NA
"Mauritania",2004,NA,NA,NA
"Mauritius",2004,NA,NA,NA
"Mozambique",2004,NA,NA,NA
"Namibia",2004,NA,NA,NA
"Niger",2004,NA,NA,NA
"Nigeria",2004,NA,NA,NA
"Rwanda",2004,NA,NA,NA
"Sao Tome and Principe",2004,NA,NA,NA
"Senegal",2004,NA,NA,NA
"Seychelles",2004,NA,NA,NA
"Sierra Leone",2004,NA,NA,NA
"Somalia",2004,NA,NA,NA
"South Africa",2004,NA,NA,NA
"South Sudan",2004,NA,NA,NA
"Sudan",2004,NA,NA,NA
"Togo",2004,NA,NA,NA
"Uganda",2004,NA,NA,NA
"United Republic of Tanzania",2004,NA,NA,NA
"Zambia",2004,NA,NA,NA
"Zimbabwe",2004,NA,NA,NA
"Angola",2005,NA,NA,NA
"Benin",2005,NA,NA,NA
"Botswana",2005,NA,NA,NA
"Burkina Faso",2005,NA,NA,NA
"Burundi",2005,NA,NA,NA
"Cabo Verde",2005,NA,NA,NA
"Cameroon",2005,NA,NA,NA
"Central African Republic",2005,NA,NA,NA
"Chad",2005,NA,NA,NA
"Comoros",2005,NA,NA,NA
"Congo",2005,NA,NA,NA
"Cote d'Ivoire",2005,NA,NA,NA
"Democratic Republic of the Congo",2005,NA,NA,NA
"Djibouti",2005,NA,NA,NA
"Equatorial Guinea",2005,NA,NA,NA
"Eritrea",2005,NA,NA,NA
"Eswatini",2005,NA,NA,NA
"Ethiopia",2005,NA,NA,NA
"Gabon",2005,NA,NA,NA
"Gambia",2005,NA,NA,NA
"Ghana",2005,NA,NA,NA
"Guinea",2005,NA,NA,NA
"Guinea-Bissau",2005,NA,NA,NA
"Kenya",2005,NA,NA,NA
"Lesotho",2005,NA,NA,NA
"Liberia",2005,NA,NA,NA
"Madagascar",2005,NA,NA,NA
"Malawi",2005,NA,NA,NA
"Mali",2005,NA,NA,NA
"Mauritania",2005,NA,NA,NA
"Mauritius",2005,NA,NA,NA
"Mozambique",2005,NA,NA,NA
"Namibia",2005,NA,NA,NA
"Niger",2005,NA,NA,NA
"Nigeria",2005,NA,NA,NA
"Rwanda",2005,NA,NA,NA
"Sao Tome and Principe",2005,NA,NA,NA
"Senegal",2005,NA,NA,NA
"Seychelles",2005,NA,NA,NA
"Sierra Leone",2005,NA,NA,NA
"Somalia",2005,NA,NA,NA
"South Africa",2005,NA,NA,NA
"South Sudan",2005,NA,NA,NA
"Sudan",2005,NA,NA,NA
"Togo",2005,NA,NA,NA
"Uganda",2005,NA,NA,NA
"United Republic of Tanzania",2005,NA,NA,NA
"Zambia",2005,NA,NA,NA
"Zimbabwe",2005,NA,NA,NA
"Angola",2006,NA,NA,NA
"Benin",2006,NA,NA,NA
"Botswana",2006,NA,NA,NA
"Burkina Faso",2006,NA,NA,NA
"Burundi",2006,NA,NA,NA
"Cabo Verde",2006,NA,NA,NA
"Cameroon",2006,NA,NA,NA
"Central African Republic",2006,NA,NA,NA
"Chad",2006,NA,NA,NA
"Comoros",2006,NA,NA,NA
"Congo",2006,NA,NA,NA
"Cote d'Ivoire",2006,NA,NA,NA
"Democratic Republic of the Congo",2006,NA,NA,NA
"Djibouti",2006,NA,NA,NA
"Equatorial Guinea",2006,NA,NA,NA
"Eritrea",2006,NA,NA,NA
"Eswatini",2006,NA,NA,NA
"Ethiopia",2006,NA,NA,NA
"Gabon",2006,NA,NA,NA
"Gambia",2006,NA,NA,NA
"Ghana",2006,NA,NA,NA
"Guinea",2006,NA,NA,NA
"Guinea-Bissau",2006,NA,NA,NA
"Kenya",2006,NA,NA,NA
"Lesotho",2006,NA,NA,NA
"Liberia",2006,NA,NA,NA
"Madagascar",2006,NA,NA,NA
"Malawi",2006,NA,NA,NA
"Mali",2006,NA,NA,NA
"Mauritania",2006,NA,NA,NA
"Mauritius",2006,NA,NA,NA
"Mozambique",2006,NA,NA,NA
"Namibia",2006,NA,NA,NA
"Niger",2006,NA,NA,NA
"Nigeria",2006,NA,NA,NA
"Rwanda",2006,NA,NA,NA
"Sao Tome and Principe",2006,NA,NA,NA
"Senegal",2006,NA,NA,NA
"Seychelles",2006,NA,NA,NA
"Sierra Leone",2006,NA,NA,NA
"Somalia",2006,NA,NA,NA
"South Africa",2006,NA,NA,NA
"South Sudan",2006,NA,NA,NA
"Sudan",2006,NA,NA,NA
"Togo",2006,NA,NA,NA
"Uganda",2006,NA,NA,NA
"United Republic of Tanzania",2006,NA,NA,NA
"Zambia",2006,NA,NA,NA
"Zimbabwe",2006,NA,NA,NA
"Angola",2007,NA,NA,NA
"Benin",2007,NA,NA,NA
"Botswana",2007,NA,NA,NA
"Burkina Faso",2007,NA,NA,NA
"Burundi",2007,NA,NA,NA
"Cabo Verde",2007,NA,NA,NA
"Cameroon",2007,NA,NA,NA
"Central African Republic",2007,NA,NA,NA
"Chad",2007,NA,NA,NA
"Comoros",2007,NA,NA,NA
"Congo",2007,NA,NA,NA
"Cote d'Ivoire",2007,NA,NA,NA
"Democratic Republic of the Congo",2007,NA,NA,NA
"Djibouti",2007,NA,NA,NA
"Equatorial Guinea",2007,NA,NA,NA
"Eritrea",2007,NA,NA,NA
"Eswatini",2007,NA,NA,NA
"Ethiopia",2007,NA,NA,NA
"Gabon",2007,NA,NA,NA
"Gambia",2007,NA,NA,NA
"Ghana",2007,NA,NA,NA
"Guinea",2007,NA,NA,NA
"Guinea-Bissau",2007,NA,NA,NA
"Kenya",2007,NA,NA,NA
"Lesotho",2007,NA,NA,NA
"Liberia",2007,NA,NA,NA
"Madagascar",2007,NA,NA,NA
"Malawi",2007,NA,NA,NA
"Mali",2007,NA,NA,NA
"Mauritania",2007,NA,NA,NA
"Mauritius",2007,NA,NA,NA
"Mozambique",2007,NA,NA,NA
"Namibia",2007,NA,NA,NA
"Niger",2007,NA,NA,NA
"Nigeria",2007,NA,NA,NA
"Rwanda",2007,NA,NA,NA
"Sao Tome and Principe",2007,NA,NA,NA
"Senegal",2007,NA,NA,NA
"Seychelles",2007,NA,NA,NA
"Sierra Leone",2007,NA,NA,NA
"Somalia",2007,NA,NA,NA
"South Africa",2007,NA,NA,NA
"South Sudan",2007,NA,NA,NA
"Sudan",2007,NA,NA,NA
"Togo",2007,NA,NA,NA
"Uganda",2007,NA,NA,NA
"United Republic of Tanzania",2007,NA,NA,NA
"Zambia",2007,NA,NA,NA
"Zimbabwe",2007,NA,NA,NA
"Angola",2008,NA,NA,NA
"Benin",2008,NA,NA,NA
"Botswana",2008,NA,NA,NA
"Burkina Faso",2008,NA,NA,NA
"Burundi",2008,NA,NA,NA
"Cabo Verde",2008,NA,NA,NA
"Cameroon",2008,NA,NA,NA
"Central African Republic",2008,NA,NA,NA
"Chad",2008,NA,NA,NA
"Comoros",2008,NA,NA,NA
"Congo",2008,NA,NA,NA
"Cote d'Ivoire",2008,NA,NA,NA
"Democratic Republic of the Congo",2008,NA,NA,NA
"Djibouti",2008,NA,NA,NA
"Equatorial Guinea",2008,NA,NA,NA
"Eritrea",2008,NA,NA,NA
"Eswatini",2008,NA,NA,NA
"Ethiopia",2008,NA,NA,NA
"Gabon",2008,NA,NA,NA
"Gambia",2008,NA,NA,NA
"Ghana",2008,NA,NA,NA
"Guinea",2008,NA,NA,NA
"Guinea-Bissau",2008,NA,NA,NA
"Kenya",2008,NA,NA,NA
"Lesotho",2008,NA,NA,NA
"Liberia",2008,NA,NA,NA
"Madagascar",2008,NA,NA,NA
"Malawi",2008,NA,NA,NA
"Mali",2008,NA,NA,NA
"Mauritania",2008,NA,NA,NA
"Mauritius",2008,NA,NA,NA
"Mozambique",2008,NA,NA,NA
"Namibia",2008,NA,NA,NA
"Niger",2008,NA,NA,NA
"Nigeria",2008,NA,NA,NA
"Rwanda",2008,NA,NA,NA
"Sao Tome and Principe",2008,NA,NA,NA
"Senegal",2008,NA,NA,NA
"Seychelles",2008,NA,NA,NA
"Sierra Leone",2008,NA,NA,NA
"Somalia",2008,NA,NA,NA
"South Africa",2008,NA,NA,NA
"South Sudan",2008,NA,NA,NA
"Sudan",2008,NA,NA,NA
"Togo",2008,NA,NA,NA
"Uganda",2008,NA,NA,NA
"United Republic of Tanzania",2008,NA,NA,NA
"Zambia",2008,NA,NA,NA
"Zimbabwe",2008,NA,NA,NA
"Angola",2009,NA,NA,NA
"Benin",2009,NA,NA,NA
"Botswana",2009,NA,NA,NA
"Burkina Faso",2009,NA,NA,NA
"Burundi",2009,NA,NA,NA
"Cabo Verde",2009,NA,NA,NA
"Cameroon",2009,NA,NA,NA
"Central African Republic",2009,NA,NA,NA
"Chad",2009,NA,NA,NA
"Comoros",2009,NA,NA,NA
"Congo",2009,NA,NA,NA
"Cote d'Ivoire",2009,NA,NA,NA
"Democratic Republic of the Congo",2009,NA,NA,NA
"Djibouti",2009,NA,NA,NA
"Equatorial Guinea",2009,NA,NA,NA
"Eritrea",2009,NA,NA,NA
"Eswatini",2009,NA,NA,NA
"Ethiopia",2009,NA,NA,NA
"Gabon",2009,NA,NA,NA
"Gambia",2009,NA,NA,NA
"Ghana",2009,NA,NA,NA
"Guinea",2009,NA,NA,NA
"Guinea-Bissau",2009,NA,NA,NA
"Kenya",2009,NA,NA,NA
"Lesotho",2009,NA,NA,NA
"Liberia",2009,NA,NA,NA
"Madagascar",2009,NA,NA,NA
"Malawi",2009,NA,NA,NA
"Mali",2009,NA,NA,NA
"Mauritania",2009,NA,NA,NA
"Mauritius",2009,NA,NA,NA
"Mozambique",2009,NA,NA,NA
"Namibia",2009,NA,NA,NA
"Niger",2009,NA,NA,NA
"Nigeria",2009,NA,NA,NA
"Rwanda",2009,NA,NA,NA
"Sao Tome and Principe",2009,NA,NA,NA
"Senegal",2009,NA,NA,NA
"Seychelles",2009,NA,NA,NA
"Sierra Leone",2009,NA,NA,NA
"Somalia",2009,NA,NA,NA
"South Africa",2009,NA,NA,NA
"South Sudan",2009,NA,NA,NA
"Sudan",2009,NA,NA,NA
"Togo",2009,NA,NA,NA
"Uganda",2009,NA,NA,NA
"United Republic of Tanzania",2009,NA,NA,NA
"Zambia",2009,NA,NA,NA
"Zimbabwe",2009,NA,NA,NA
"Angola",2010,NA,NA,NA
"Benin",2010,NA,NA,NA
"Botswana",2010,NA,NA,NA
"Burkina Faso",2010,NA,NA,NA
"Burundi",2010,NA,NA,NA
"Cabo Verde",2010,NA,NA,NA
"Cameroon",2010,NA,NA,NA
"Central African Republic",2010,NA,NA,NA
"Chad",2010,NA,NA,NA
"Comoros",2010,NA,NA,NA
"Congo",2010,NA,NA,NA
"Cote d'Ivoire",2010,NA,NA,NA
"Democratic Republic of the Congo",2010,NA,NA,NA
"Djibouti",2010,NA,NA,NA
"Equatorial Guinea",2010,NA,NA,NA
"Eritrea",2010,NA,NA,NA
"Eswatini",2010,NA,NA,NA
"Ethiopia",2010,NA,NA,NA
"Gabon",2010,NA,NA,NA
"Gambia",2010,NA,NA,NA
"Ghana",2010,NA,NA,NA
"Guinea",2010,NA,NA,NA
"Guinea-Bissau",2010,NA,NA,NA
"Kenya",2010,NA,NA,NA
"Lesotho",2010,NA,NA,NA
"Liberia",2010,NA,NA,NA
"Madagascar",2010,NA,NA,NA
"Malawi",2010,NA,NA,NA
"Mali",2010,NA,NA,NA
"Mauritania",2010,NA,NA,NA
"Mauritius",2010,NA,NA,NA
"Mozambique",2010,NA,NA,NA
"Namibia",2010,NA,NA,NA
"Niger",2010,NA,NA,NA
"Nigeria",2010,NA,NA,NA
"Rwanda",2010,NA,NA,NA
"Sao Tome and Principe",2010,NA,NA,NA
"Senegal",2010,NA,NA,NA
"Seychelles",2010,NA,NA,NA
"Sierra Leone",2010,NA,NA,NA
"Somalia",2010,NA,NA,NA
"South Africa",2010,NA,NA,NA
"South Sudan",2010,NA,NA,NA
"Sudan",2010,NA,NA,NA
"Togo",2010,NA,NA,NA
"Uganda",2010,NA,NA,NA
"United Republic of Tanzania",2010,NA,NA,NA
"Zambia",2010,NA,NA,NA
"Zimbabwe",2010,NA,NA,NA
"Angola",2011,NA,NA,NA
"Benin",2011,NA,NA,NA
"Botswana",2011,NA,NA,NA
"Burkina Faso",2011,NA,NA,NA
"Burundi",2011,NA,NA,NA
"Cabo Verde",2011,NA,NA,NA
"Cameroon",2011,NA,NA,NA
"Central African Republic",2011,NA,NA,NA
"Chad",2011,NA,NA,NA
"Comoros",2011,NA,NA,NA
"Congo",2011,NA,NA,NA
"Cote d'Ivoire",2011,NA,NA,NA
"Democratic Republic of the Congo",2011,NA,NA,NA
"Djibouti",2011,NA,NA,NA
"Equatorial Guinea",2011,NA,NA,NA
"Eritrea",2011,NA,NA,NA
"Eswatini",2011,NA,NA,NA
"Ethiopia",2011,NA,NA,NA
"Gabon",2011,NA,NA,NA
"Gambia",2011,NA,NA,NA
"Ghana",2011,NA,NA,NA
"Guinea",2011,NA,NA,NA
"Guinea-Bissau",2011,NA,NA,NA
"Kenya",2011,NA,NA,NA
"Lesotho",2011,NA,NA,NA
"Liberia",2011,NA,NA,NA
"Madagascar",2011,NA,NA,NA
"Malawi",2011,NA,NA,NA
"Mali",2011,NA,NA,NA
"Mauritania",2011,NA,NA,NA
"Mauritius",2011,NA,NA,NA
"Mozambique",2011,NA,NA,NA
"Namibia",2011,NA,NA,NA
"Niger",2011,NA,NA,NA
"Nigeria",2011,NA,NA,NA
"Rwanda",2011,NA,NA,NA
"Sao Tome and Principe",2011,NA,NA,NA
"Senegal",2011,NA,NA,NA
"Seychelles",2011,NA,NA,NA
"Sierra Leone",2011,NA,NA,NA
"Somalia",2011,NA,NA,NA
"South Africa",2011,NA,NA,NA
"South Sudan",2011,NA,NA,NA
"Sudan",2011,NA,NA,NA
"Togo",2011,NA,NA,NA
"Uganda",2011,NA,NA,NA
"United Republic of Tanzania",2011,NA,NA,NA
"Zambia",2011,NA,NA,NA
"Zimbabwe",2011,NA,NA,NA
"Angola",2012,NA,NA,NA
"Benin",2012,NA,NA,NA
"Botswana",2012,NA,NA,NA
"Burkina Faso",2012,NA,NA,NA
"Burundi",2012,NA,NA,NA
"Cabo Verde",2012,NA,NA,NA
"Cameroon",2012,NA,NA,NA
"Central African Republic",2012,NA,NA,NA
"Chad",2012,NA,NA,NA
"Comoros",2012,NA,NA,NA
"Congo",2012,NA,NA,NA
"Cote d'Ivoire",2012,NA,NA,NA
"Democratic Republic of the Congo",2012,NA,NA,NA
"Djibouti",2012,NA,NA,NA
"Equatorial Guinea",2012,NA,NA,NA
"Eritrea",2012,NA,NA,NA
"Eswatini",2012,NA,NA,NA
"Ethiopia",2012,NA,NA,NA
"Gabon",2012,NA,NA,NA
"Gambia",2012,NA,NA,NA
"Ghana",2012,NA,NA,NA
"Guinea",2012,NA,NA,NA
"Guinea-Bissau",2012,NA,NA,NA
"Kenya",2012,NA,NA,NA
"Lesotho",2012,NA,NA,NA
"Liberia",2012,NA,NA,NA
"Madagascar",2012,NA,NA,NA
"Malawi",2012,NA,NA,NA
"Mali",2012,NA,NA,NA
"Mauritania",2012,NA,NA,NA
"Mauritius",2012,NA,NA,NA
"Mozambique",2012,NA,NA,NA
"Namibia",2012,NA,NA,NA
"Niger",2012,NA,NA,NA
"Nigeria",2012,NA,NA,NA
"Rwanda",2012,NA,NA,NA
"Sao Tome and Principe",2012,NA,NA,NA
"Senegal",2012,NA,NA,NA
"Seychelles",2012,NA,NA,NA
"Sierra Leone",2012,NA,NA,NA
"Somalia",2012,NA,NA,NA
"South Africa",2012,NA,NA,NA
"South Sudan",2012,NA,NA,NA
"Sudan",2012,NA,NA,NA
"Togo",2012,NA,NA,NA
"Uganda",2012,NA,NA,NA
"United Republic of Tanzania",2012,NA,NA,NA
"Zambia",2012,NA,NA,NA
"Zimbabwe",2012,NA,NA,NA
"Angola",2013,NA,NA,NA
"Benin",2013,NA,NA,NA
"Botswana",2013,NA,NA,NA
"Burkina Faso",2013,NA,NA,NA
"Burundi",2013,NA,NA,NA
"Cabo Verde",2013,NA,NA,NA
"Cameroon",2013,NA,NA,NA
"Central African Republic",2013,NA,NA,NA
"Chad",2013,NA,NA,NA
"Comoros",2013,NA,NA,NA
"Congo",2013,NA,NA,NA
"Cote d'Ivoire",2013,NA,NA,NA
"Democratic Republic of the Congo",2013,NA,NA,NA
"Djibouti",2013,NA,NA,NA
"Equatorial Guinea",2013,NA,NA,NA
"Eritrea",2013,NA,NA,NA
"Eswatini",2013,NA,NA,NA
"Ethiopia",2013,NA,NA,NA
"Gabon",2013,NA,NA,NA
"Gambia",2013,NA,NA,NA
"Ghana",2013,NA,NA,NA
"Guinea",2013,NA,NA,NA
"Guinea-Bissau",2013,NA,NA,NA
"Kenya",2013,NA,NA,NA
"Lesotho",2013,NA,NA,NA
"Liberia",2013,NA,NA,NA
"Madagascar",2013,NA,NA,NA
"Malawi",2013,NA,NA,NA
"Mali",2013,NA,NA,NA
"Mauritania",2013,NA,NA,NA
"Mauritius",2013,NA,NA,NA
"Mozambique",2013,NA,NA,NA
"Namibia",2013,NA,NA,NA
"Niger",2013,NA,NA,NA
"Nigeria",2013,NA,NA,NA
"Rwanda",2013,NA,NA,NA
"Sao Tome and Principe",2013,NA,NA,NA
"Senegal",2013,NA,NA,NA
"Seychelles",2013,NA,NA,NA
"Sierra Leone",2013,NA,NA,NA
"Somalia",2013,NA,NA,NA
"South Africa",2013,NA,NA,NA
"South Sudan",2013,NA,NA,NA
"Sudan",2013,NA,NA,NA
"Togo",2013,NA,NA,NA
"Uganda",2013,NA,NA,NA
"United Republic of Tanzania",2013,NA,NA,NA
"Zambia",2013,NA,NA,NA
"Zimbabwe",2013,NA,NA,NA
"Angola",2014,NA,NA,NA
"Benin",2014,NA,NA,NA
"Botswana",2014,NA,NA,NA
"Burkina Faso",2014,NA,NA,NA
"Burundi",2014,NA,NA,NA
"Cabo Verde",2014,NA,NA,NA
"Cameroon",2014,NA,NA,NA
"Central African Republic",2014,NA,NA,NA
"Chad",2014,NA,NA,NA
"Comoros",2014,NA,NA,NA
"Congo",2014,NA,NA,NA
"Cote d'Ivoire",2014,NA,NA,NA
"Democratic Republic of the Congo",2014,NA,NA,NA
"Djibouti",2014,NA,NA,NA
"Equatorial Guinea",2014,NA,NA,NA
"Eritrea",2014,NA,NA,NA
"Eswatini",2014,NA,NA,NA
"Ethiopia",2014,NA,NA,NA
"Gabon",2014,NA,NA,NA
"Gambia",2014,NA,NA,NA
"Ghana",2014,NA,NA,NA
"Guinea",2014,NA,NA,NA
"Guinea-Bissau",2014,NA,NA,NA
"Kenya",2014,NA,NA,NA
"Lesotho",2014,NA,NA,NA
"Liberia",2014,NA,NA,NA
"Madagascar",2014,NA,NA,NA
"Malawi",2014,NA,NA,NA
"Mali",2014,NA,NA,NA
"Mauritania",2014,NA,NA,NA
"Mauritius",2014,NA,NA,NA
"Mozambique",2014,NA,NA,NA
"Namibia",2014,NA,NA,NA
"Niger",2014,NA,NA,NA
"Nigeria",2014,NA,NA,NA
"Rwanda",2014,NA,NA,NA
"Sao Tome and Principe",2014,NA,NA,NA
"Senegal",2014,NA,NA,NA
"Seychelles",2014,NA,NA,NA
"Sierra Leone",2014,NA,NA,NA
"Somalia",2014,NA,NA,NA
"South Africa",2014,NA,NA,NA
"South Sudan",2014,NA,NA,NA
"Sudan",2014,NA,NA,NA
"Togo",2014,NA,NA,NA
"Uganda",2014,NA,NA,NA
"United Republic of Tanzania",2014,NA,NA,NA
"Zambia",2014,NA,NA,NA
"Zimbabwe",2014,NA,NA,NA
"Angola",2015,NA,NA,NA
"Benin",2015,NA,NA,NA
"Botswana",2015,NA,NA,NA
"Burkina Faso",2015,NA,NA,NA
"Burundi",2015,NA,NA,NA
"Cabo Verde",2015,NA,NA,NA
"Cameroon",2015,NA,NA,NA
"Central African Republic",2015,NA,NA,NA
"Chad",2015,NA,NA,NA
"Comoros",2015,NA,NA,NA
"Congo",2015,NA,NA,NA
"Cote d'Ivoire",2015,NA,NA,NA
"Democratic Republic of the Congo",2015,NA,NA,NA
"Djibouti",2015,NA,NA,NA
"Equatorial Guinea",2015,NA,NA,NA
"Eritrea",2015,NA,NA,NA
"Eswatini",2015,NA,NA,NA
"Ethiopia",2015,NA,NA,NA
"Gabon",2015,NA,NA,NA
"Gambia",2015,NA,NA,NA
"Ghana",2015,NA,NA,NA
"Guinea",2015,NA,NA,NA
"Guinea-Bissau",2015,NA,NA,NA
"Kenya",2015,NA,NA,NA
"Lesotho",2015,NA,NA,NA
"Liberia",2015,NA,NA,NA
"Madagascar",2015,NA,NA,NA
"Malawi",2015,NA,NA,NA
"Mali",2015,NA,NA,NA
"Mauritania",2015,NA,NA,NA
"Mauritius",2015,NA,NA,NA
"Mozambique",2015,NA,NA,NA
"Namibia",2015,NA,NA,NA
"Niger",2015,NA,NA,NA
"Nigeria",2015,NA,NA,NA
"Rwanda",2015,NA,NA,NA
"Sao Tome and Principe",2015,NA,NA,NA
"Senegal",2015,NA,NA,NA
"Seychelles",2015,NA,NA,NA
"Sierra Leone",2015,NA,NA,NA
"Somalia",2015,NA,NA,NA
"South Africa",2015,NA,NA,NA
"South Sudan",2015,NA,NA,NA
"Sudan",2015,NA,NA,NA
"Togo",2015,NA,NA,NA
"Uganda",2015,NA,NA,NA
"United Republic of Tanzania",2015,NA,NA,NA
"Zambia",2015,NA,NA,NA
"Zimbabwe",2015,NA,NA,NA
"Angola",2016,NA,NA,NA
"Benin",2016,NA,NA,NA
"Botswana",2016,NA,NA,NA
"Burkina Faso",2016,NA,NA,NA
"Burundi",2016,NA,NA,NA
"Cabo Verde",2016,NA,NA,NA
"Cameroon",2016,NA,NA,NA
"Central African Republic",2016,NA,NA,NA
"Chad",2016,NA,NA,NA
"Comoros",2016,NA,NA,NA
"Congo",2016,NA,NA,NA
"Cote d'Ivoire",2016,NA,NA,NA
"Democratic Republic of the Congo",2016,NA,NA,NA
"Djibouti",2016,NA,NA,NA
"Equatorial Guinea",2016,NA,NA,NA
"Eritrea",2016,NA,NA,NA
"Eswatini",2016,NA,NA,NA
"Ethiopia",2016,NA,NA,NA
"Gabon",2016,NA,NA,NA
"Gambia",2016,NA,NA,NA
"Ghana",2016,NA,NA,NA
"Guinea",2016,NA,NA,NA
"Guinea-Bissau",2016,NA,NA,NA
"Kenya",2016,NA,NA,NA
"Lesotho",2016,NA,NA,NA
"Liberia",2016,NA,NA,NA
"Madagascar",2016,NA,NA,NA
"Malawi",2016,NA,NA,NA
"Mali",2016,NA,NA,NA
"Mauritania",2016,NA,NA,NA
"Mauritius",2016,NA,NA,NA
"Mozambique",2016,NA,NA,NA
"Namibia",2016,NA,NA,NA
"Niger",2016,NA,NA,NA
"Nigeria",2016,NA,NA,NA
"Rwanda",2016,NA,NA,NA
"Sao Tome and Principe",2016,NA,NA,NA
"Senegal",2016,NA,NA,NA
"Seychelles",2016,NA,NA,NA
"Sierra Leone",2016,NA,NA,NA
"Somalia",2016,NA,NA,NA
"South Africa",2016,NA,NA,NA
"South Sudan",2016,NA,NA,NA
"Sudan",2016,NA,NA,NA
"Togo",2016,NA,NA,NA
"Uganda",2016,NA,NA,NA
"United Republic of Tanzania",2016,NA,NA,NA
"Zambia",2016,NA,NA,NA
"Zimbabwe",2016,NA,NA,NA
"Angola",2017,NA,NA,NA
"Benin",2017,NA,NA,NA
"Botswana",2017,NA,NA,NA
"Burkina Faso",2017,NA,NA,NA
"Burundi",2017,NA,NA,NA
"Cabo Verde",2017,NA,NA,NA
"Cameroon",2017,NA,NA,NA
"Central African Republic",2017,NA,NA,NA
"Chad",2017,NA,NA,NA
"Comoros",2017,NA,NA,NA
"Congo",2017,NA,NA,NA
"Cote d'Ivoire",2017,NA,NA,NA
"Democratic Republic of the Congo",2017,NA,NA,NA
"Djibouti",2017,NA,NA,NA
"Equatorial Guinea",2017,NA,NA,NA
"Eritrea",2017,NA,NA,NA
"Eswatini",2017,NA,NA,NA
"Ethiopia",2017,NA,NA,NA
"Gabon",2017,NA,NA,NA
"Gambia",2017,NA,NA,NA
"Ghana",2017,NA,NA,NA
"Guinea",2017,NA,NA,NA
"Guinea-Bissau",2017,NA,NA,NA
"Kenya",2017,NA,NA,NA
"Lesotho",2017,NA,NA,NA
"Liberia",2017,NA,NA,NA
"Madagascar",2017,NA,NA,NA
"Malawi",2017,NA,NA,NA
"Mali",2017,NA,NA,NA
"Mauritania",2017,NA,NA,NA
"Mauritius",2017,NA,NA,NA
"Mozambique",2017,NA,NA,NA
"Namibia",2017,NA,NA,NA
"Niger",2017,NA,NA,NA
"Nigeria",2017,NA,NA,NA
"Rwanda",2017,NA,NA,NA
"Sao Tome and Principe",2017,NA,NA,NA
"Senegal",2017,NA,NA,NA
"Seychelles",2017,NA,NA,NA
"Sierra Leone",2017,NA,NA,NA
"Somalia",2017,NA,NA,NA
"South Africa",2017,NA,NA,NA
"South Sudan",2017,NA,NA,NA
"Sudan",2017,NA,NA,NA
"Togo",2017,NA,NA,NA
"Uganda",2017,NA,NA,NA
"United Republic of Tanzania",2017,NA,NA,NA
"Zambia",2017,NA,NA,NA
"Zimbabwe",2017,NA,NA,NA
"Angola",2018,NA,NA,NA
"Benin",2018,NA,NA,NA
"Botswana",2018,NA,NA,NA
"Burkina Faso",2018,NA,NA,NA
"Burundi",2018,NA,NA,NA
"Cabo Verde",2018,NA,NA,NA
"Cameroon",2018,NA,NA,NA
"Central African Republic",2018,NA,NA,NA
"Chad",2018,NA,NA,NA
"Comoros",2018,NA,NA,NA
"Congo",2018,NA,NA,NA
"Cote d'Ivoire",2018,NA,NA,NA
"Democratic Republic of the Congo",2018,NA,NA,NA
"Djibouti",2018,NA,NA,NA
"Equatorial Guinea",2018,NA,NA,NA
"Eritrea",2018,NA,NA,NA
"Eswatini",2018,NA,NA,NA
"Ethiopia",2018,NA,NA,NA
"Gabon",2018,NA,NA,NA
"Gambia",2018,NA,NA,NA
"Ghana",2018,NA,NA,NA
"Guinea",2018,NA,NA,NA
"Guinea-Bissau",2018,NA,NA,NA
"Kenya",2018,NA,NA,NA
"Lesotho",2018,NA,NA,NA
"Liberia",2018,NA,NA,NA
"Madagascar",2018,NA,NA,NA
"Malawi",2018,NA,NA,NA
"Mali",2018,NA,NA,NA
"Mauritania",2018,NA,NA,NA
"Mauritius",2018,NA,NA,NA
"Mozambique",2018,NA,NA,NA
"Namibia",2018,NA,NA,NA
"Niger",2018,NA,NA,NA
"Nigeria",2018,NA,NA,NA
"Rwanda",2018,NA,NA,NA
"Sao Tome and Principe",2018,NA,NA,NA
"Senegal",2018,NA,NA,NA
"Seychelles",2018,NA,NA,NA
"Sierra Leone",2018,NA,NA,NA
"Somalia",2018,NA,NA,NA
"South Africa",2018,NA,NA,NA
"South Sudan",2018,NA,NA,NA
"Sudan",2018,NA,NA,NA
"Togo",2018,NA,NA,NA
"Uganda",2018,NA,NA,NA
"United Republic of Tanzania",2018,NA,NA,NA
"Zambia",2018,NA,NA,NA
"Zimbabwe",2018,NA,NA,NA
"Angola",2019,NA,NA,NA
"Benin",2019,NA,NA,NA
"Botswana",2019,NA,NA,NA
"Burkina Faso",2019,NA,NA,NA
"Burundi",2019,NA,NA,NA
"Cabo Verde",2019,NA,NA,NA
"Cameroon",2019,NA,NA,NA
"Central African Republic",2019,NA,NA,NA
"Chad",2019,NA,NA,NA
"Comoros",2019,NA,NA,NA
"Congo",2019,NA,NA,NA
"Cote d'Ivoire",2019,NA,NA,NA
"Democratic Republic of the Congo",2019,NA,NA,NA
"Djibouti",2019,NA,NA,NA
"Equatorial Guinea",2019,NA,NA,NA
"Eritrea",2019,NA,NA,NA
"Eswatini",2019,NA,NA,NA
"Ethiopia",2019,NA,NA,NA
"Gabon",2019,NA,NA,NA
"Gambia",2019,NA,NA,NA
"Ghana",2019,NA,NA,NA
"Guinea",2019,NA,NA,NA
"Guinea-Bissau",2019,NA,NA,NA
"Kenya",2019,NA,NA,NA
"Lesotho",2019,NA,NA,NA
"Liberia",2019,NA,NA,NA
"Madagascar",2019,NA,NA,NA
"Malawi",2019,NA,NA,NA
"Mali",2019,NA,NA,NA
"Mauritania",2019,NA,NA,NA
"Mauritius",2019,NA,NA,NA
"Mozambique",2019,NA,NA,NA
"Namibia",2019,NA,NA,NA
"Niger",2019,NA,NA,NA
"Nigeria",2019,NA,NA,NA
"Rwanda",2019,NA,NA,NA
"Sao Tome and Principe",2019,NA,NA,NA
"Senegal",2019,NA,NA,NA
"Seychelles",2019,NA,NA,NA
"Sierra Leone",2019,NA,NA,NA
"Somalia",2019,NA,NA,NA
"South Africa",2019,NA,NA,NA
"South Sudan",2019,NA,NA,NA
"Sudan",2019,NA,NA,NA
"Togo",2019,NA,NA,NA
"Uganda",2019,NA,NA,NA
"United Republic of Tanzania",2019,NA,NA,NA
"Zambia",2019,NA,NA,NA
"Zimbabwe",2019,NA,NA,NA
"Angola",2020,NA,NA,NA
"Benin",2020,NA,NA,NA
"Botswana",2020,NA,NA,NA
"Burkina Faso",2020,NA,NA,NA
"Burundi",2020,NA,NA,NA
"Cabo Verde",2020,NA,NA,NA
"Cameroon",2020,NA,NA,NA
"Central African Republic",2020,NA,NA,NA
"Chad",2020,NA,NA,NA
"Comoros",2020,NA,NA,NA
"Congo",2020,NA,NA,NA
"Cote d'Ivoire",2020,NA,NA,NA
"Democratic Republic of the Congo",2020,NA,NA,NA
"Djibouti",2020,NA,NA,NA
"Equatorial Guinea",2020,NA,NA,NA
"Eritrea",2020,NA,NA,NA
"Eswatini",2020,NA,NA,NA
"Ethiopia",2020,NA,NA,NA
"Gabon",2020,NA,NA,NA
"Gambia",2020,NA,NA,NA
"Ghana",2020,NA,NA,NA
"Guinea",2020,NA,NA,NA
"Guinea-Bissau",2020,NA,NA,NA
"Kenya",2020,NA,NA,NA
"Lesotho",2020,NA,NA,NA
"Liberia",2020,NA,NA,NA
"Madagascar",2020,NA,NA,NA
"Malawi",2020,NA,NA,NA
"Mali",2020,NA,NA,NA
"Mauritania",2020,NA,NA,NA
"Mauritius",2020,NA,NA,NA
"Mozambique",2020,NA,NA,NA
"Namibia",2020,NA,NA,NA
"Niger",2020,NA,NA,NA
"Nigeria",2020,NA,NA,NA
"Rwanda",2020,NA,NA,NA
"Sao Tome and Principe",2020,NA,NA,NA
"Senegal",2020,NA,NA,NA
"Seychelles",2020,NA,NA,NA
"Sierra Leone",2020,NA,NA,NA
"Somalia",2020,NA,NA,NA
"South Africa",2020,NA,NA,NA
"South Sudan",2020,NA,NA,NA
"Sudan",2020,NA,NA,NA
"Togo",2020,NA,NA,NA
"Uganda",2020,NA,NA,NA
"United Republic of Tanzania",2020,NA,NA,NA
"Zambia",2020,NA,NA,NA
"Zimbabwe",2020,NA,NA,NA
"Angola",2021,NA,NA,NA
"Benin",2021,NA,NA,NA
"Botswana",2021,NA,NA,NA
"Burkina Faso",2021,NA,NA,NA
"Burundi",2021,NA,NA,NA
"Cabo Verde",2021,NA,NA,NA
"Cameroon",2021,NA,NA,NA
"Central African Republic",2021,NA,NA,NA
"Chad",2021,NA,NA,NA
"Comoros",2021,NA,NA,NA
"Congo",2021,NA,NA,NA
"Cote d'Ivoire",2021,NA,NA,NA
"Democratic Republic of the Congo",2021,NA,NA,NA
"Djibouti",2021,NA,NA,NA
"Equatorial Guinea",2021,NA,NA,NA
"Eritrea",2021,NA,NA,NA
"Eswatini",2021,NA,NA,NA
"Ethiopia",2021,NA,NA,NA
"Gabon",2021,NA,NA,NA
"Gambia",2021,NA,NA,NA
"Ghana",2021,NA,NA,NA
"Guinea",2021,NA,NA,NA
"Guinea-Bissau",2021,NA,NA,NA
"Kenya",2021,NA,NA,NA
"Lesotho",2021,NA,NA,NA
"Liberia",2021,NA,NA,NA
"Madagascar",2021,NA,NA,NA
"Malawi",2021,NA,NA,NA
"Mali",2021,NA,NA,NA
"Mauritania",2021,NA,NA,NA
"Mauritius",2021,NA,NA,NA
"Mozambique",2021,NA,NA,NA
"Namibia",2021,NA,NA,NA
"Niger",2021,NA,NA,NA
"Nigeria",2021,NA,NA,NA
"Rwanda",2021,NA,NA,NA
"Sao Tome and Principe",2021,NA,NA,NA
"Senegal",2021,NA,NA,NA
"Seychelles",2021,NA,NA,NA
"Sierra Leone",2021,NA,NA,NA
"Somalia",2021,NA,NA,NA
"South Africa",2021,NA,NA,NA
"South Sudan",2021,NA,NA,NA
"Sudan",2021,NA,NA,NA
"Togo",2021,NA,NA,NA
"Uganda",2021,NA,NA,NA
"United Republic of Tanzania",2021,NA,NA,NA
"Zambia",2021,NA,NA,NA
"Zimbabwe",2021,NA,NA,NA
"Angola",2022,NA,NA,NA
"Benin",2022,NA,NA,NA
"Botswana",2022,NA,NA,NA
"Burkina Faso",2022,NA,NA,NA
"Burundi",2022,NA,NA,NA
"Cabo Verde",2022,NA,NA,NA
"Cameroon",2022,NA,NA,NA
"Central African Republic",2022,NA,NA,NA
"Chad",2022,NA,NA,NA
"Comoros",2022,NA,NA,NA
"Congo",2022,NA,NA,NA
"Cote d'Ivoire",2022,NA,NA,NA
"Democratic Republic of the Congo",2022,NA,NA,NA
"Djibouti",2022,NA,NA,NA
"Equatorial Guinea",2022,NA,NA,NA
"Eritrea",2022,NA,NA,NA
"Eswatini",2022,NA,NA,NA
"Ethiopia",2022,NA,NA,NA
"Gabon",2022,NA,NA,NA
"Gambia",2022,NA,NA,NA
"Ghana",2022,NA,NA,NA
"Guinea",2022,NA,NA,NA
"Guinea-Bissau",2022,NA,NA,NA
"Kenya",2022,NA,NA,NA
"Lesotho",2022,NA,NA,NA
"Liberia",2022,NA,NA,NA
"Madagascar",2022,NA,NA,NA
"Malawi",2022,NA,NA,NA
"Mali",2022,NA,NA,NA
"Mauritania",2022,NA,NA,NA
"Mauritius",2022,NA,NA,NA
"Mozambique",2022,NA,NA,NA
"Namibia",2022,NA,NA,NA
"Niger",2022,NA,NA,NA
"Nigeria",2022,NA,NA,NA
"Rwanda",2022,NA,NA,NA
"Sao Tome and Principe",2022,NA,NA,NA
"Senegal",2022,NA,NA,NA
"Seychelles",2022,NA,NA,NA
"Sierra Leone",2022,NA,NA,NA
"Somalia",2022,NA,NA,NA
"South Africa",2022,NA,NA,NA
"South Sudan",2022,NA,NA,NA
"Sudan",2022,NA,NA,NA
"Togo",2022,NA,NA,NA
"Uganda",2022,NA,NA,NA
"United Republic of Tanzania",2022,NA,NA,NA
"Zambia",2022,NA,NA,NA
"Zimbabwe",2022,NA,NA,NA
"Angola",2023,NA,NA,NA
"Benin",2023,NA,NA,NA
"Botswana",2023,NA,NA,NA
"Burkina Faso",2023,NA,NA,NA
"Burundi",2023,NA,NA,NA
"Cabo Verde",2023,NA,NA,NA
"Cameroon",2023,NA,NA,NA
"Central African Republic",2023,NA,NA,NA
"Chad",2023,NA,NA,NA
"Comoros",2023,NA,NA,NA
"Congo",2023,NA,NA,NA
"Cote d'Ivoire",2023,NA,NA,NA
"Democratic Republic of the Congo",2023,NA,NA,NA
"Djibouti",2023,NA,NA,NA
"Equatorial Guinea",2023,NA,NA,NA
"Eritrea",2023,NA,NA,NA
"Eswatini",2023,NA,NA,NA
"Ethiopia",2023,NA,NA,NA
"Gabon",2023,NA,NA,NA
"Gambia",2023,NA,NA,NA
"Ghana",2023,NA,NA,NA
"Guinea",2023,NA,NA,NA
"Guinea-Bissau",2023,NA,NA,NA
"Kenya",2023,NA,NA,NA
"Lesotho",2023,NA,NA,NA
"Liberia",2023,NA,NA,NA
"Madagascar",2023,NA,NA,NA
"Malawi",2023,NA,NA,NA
"Mali",2023,NA,NA,NA
"Mauritania",2023,NA,NA,NA
"Mauritius",2023,NA,NA,NA
"Mozambique",2023,NA,NA,NA
"Namibia",2023,NA,NA,NA
"Niger",2023,NA,NA,NA
"Nigeria",2023,NA,NA,NA
"Rwanda",2023,NA,NA,NA
"Sao Tome and Principe",2023,NA,NA,NA
"Senegal",2023,NA,NA,NA
"Seychelles",2023,NA,NA,NA
"Sierra Leone",2023,NA,NA,NA
"Somalia",2023,NA,NA,NA
"South Africa",2023,NA,NA,NA
"South Sudan",2023,NA,NA,NA
"Sudan",2023,NA,NA,NA
"Togo",2023,NA,NA,NA
"Uganda",2023,NA,NA,NA
"United Republic of Tanzania",2023,NA,NA,NA
"Zambia",2023,NA,NA,NA
"Zimbabwe",2023,NA,NA,NA
"Angola",2024,NA,NA,NA
"Benin",2024,NA,NA,NA
"Botswana",2024,NA,NA,NA
"Burkina Faso",2024,NA,NA,NA
"Burundi",2024,NA,NA,NA
"Cabo Verde",2024,NA,NA,NA
"Cameroon",2024,NA,NA,NA
"Central African Republic",2024,NA,NA,NA
"Chad",2024,NA,NA,NA
"Comoros",2024,NA,NA,NA
"Congo",2024,NA,NA,NA
"Cote d'Ivoire",2024,NA,NA,NA
"Democratic Republic of the Congo",2024,NA,NA,NA
"Djibouti",2024,NA,NA,NA
"Equatorial Guinea",2024,NA,NA,NA
"Eritrea",2024,NA,NA,NA
"Eswatini",2024,NA,NA,NA
"Ethiopia",2024,NA,NA,NA
"Gabon",2024,NA,NA,NA
"Gambia",2024,NA,NA,NA
"Ghana",2024,NA,NA,NA
"Guinea",2024,NA,NA,NA
"Guinea-Bissau",2024,NA,NA,NA
"Kenya",2024,NA,NA,NA
"Lesotho",2024,NA,NA,NA
"Liberia",2024,NA,NA,NA
"Madagascar",2024,NA,NA,NA
"Malawi",2024,NA,NA,NA
"Mali",2024,NA,NA,NA
"Mauritania",2024,NA,NA,NA
"Mauritius",2024,NA,NA,NA
"Mozambique",2024,NA,NA,NA
"Namibia",2024,NA,NA,NA
"Niger",2024,NA,NA,NA
"Nigeria",2024,NA,NA,NA
"Rwanda",2024,NA,NA,NA
"Sao Tome and Principe",2024,NA,NA,NA
"Senegal",2024,NA,NA,NA
"Seychelles",2024,NA,NA,NA
"Sierra Leone",2024,NA,NA,NA
"Somalia",2024,NA,NA,NA
"South Africa",2024,NA,NA,NA
"South Sudan",2024,NA,NA,NA
"Sudan",2024,NA,NA,NA
"Togo",2024,NA,NA,NA
"Uganda",2024,NA,NA,NA
"United Republic of Tanzania",2024,NA,NA,NA
"Zambia",2024,NA,NA,NA
"Zimbabwe",2024,NA,NA,NA
"Angola",2025,NA,NA,NA
"Benin",2025,NA,NA,NA
"Botswana",2025,NA,NA,NA
"Burkina Faso",2025,NA,NA,NA
"Burundi",2025,NA,NA,NA
"Cabo Verde",2025,NA,NA,NA
"Cameroon",2025,NA,NA,NA
"Central African Republic",2025,NA,NA,NA
"Chad",2025,NA,NA,NA
"Comoros",2025,NA,NA,NA
"Congo",2025,NA,NA,NA
"Cote d'Ivoire",2025,NA,NA,NA
"Democratic Republic of the Congo",2025,NA,NA,NA
"Djibouti",2025,NA,NA,NA
"Equatorial Guinea",2025,NA,NA,NA
"Eritrea",2025,NA,NA,NA
"Eswatini",2025,NA,NA,NA
"Ethiopia",2025,NA,NA,NA
"Gabon",2025,NA,NA,NA
"Gambia",2025,NA,NA,NA
"Ghana",2025,NA,NA,NA
"Guinea",2025,NA,NA,NA
"Guinea-Bissau",2025,NA,NA,NA
"Kenya",2025,NA,NA,NA
"Lesotho",2025,NA,NA,NA
"Liberia",2025,NA,NA,NA
"Madagascar",2025,NA,NA,NA
"Malawi",2025,NA,NA,NA
"Mali",2025,NA,NA,NA
"Mauritania",2025,NA,NA,NA
"Mauritius",2025,NA,NA,NA
"Mozambique",2025,NA,NA,NA
"Namibia",2025,NA,NA,NA
"Niger",2025,NA,NA,NA
"Nigeria",2025,NA,NA,NA
"Rwanda",2025,NA,NA,NA
"Sao Tome and Principe",2025,NA,NA,NA
"Senegal",2025,NA,NA,NA
"Seychelles",2025,NA,NA,NA
"Sierra Leone",2025,NA,NA,NA
"Somalia",2025,NA,NA,NA
"South Africa",2025,NA,NA,NA
"South Sudan",2025,NA,NA,NA
"Sudan",2025,NA,NA,NA
"Togo",2025,NA,NA,NA
"Uganda",2025,NA,NA,NA
"United Republic of Tanzania",2025,NA,NA,NA
"Zambia",2025,NA,NA,NA
"Zimbabwe",2025,NA,NA,NA
