"Country","ISO2_WB_CODE","Year","GDP Per Capita (Constant USD)","Unemployment (% of Pop)","Hospital Beds Per 1000 People"
"Angola","AO",2000,563.733795571487,16.646,NA
"Angola","AO",2001,533.586202412447,16.668,NA
"Angola","AO",2002,999.065855956628,16.432,NA
"Angola","AO",2003,1133.66331960414,16.445,NA
"Angola","AO",2004,1451.47117870872,16.313,NA
"Angola","AO",2005,2145.88621098663,16.295,NA
"Angola","AO",2006,2930.44428606516,16.123,NA
"Angola","AO",2007,3515.05678985496,16.066,NA
"Angola","AO",2008,4578.15526451058,16.152,NA
"Angola","AO",2009,3645.14846565169,16.383,NA
"Angola","AO",2010,4101.63715564669,16.595,NA
"Angola","AO",2011,5184.15269151846,16.77,NA
"Angola","AO",2012,5702.45306277434,16.539,NA
"Angola","AO",2013,5688.57916213471,16.464,NA
"Angola","AO",2014,5649.68762467535,16.372,NA
"Angola","AO",2015,3641.72893920253,16.472,NA
"Angola","AO",2016,2082.37343594705,16.572,NA
"Angola","AO",2017,2832.14997950512,16.617,NA
"Angola","AO",2018,2891.83032378747,16.602,NA
"Angola","AO",2019,2507.86807213642,16.497,0.75
"Angola","AO",2020,1749.1794838482,16.696,NA
"Angola","AO",2021,2266.96834861584,15.799,NA
"Angola","AO",2022,3598.53669077341,14.124,NA
"Angola","AO",2023,2885.51349130806,14.051,NA
"Angola","AO",2024,2720.81900669715,14.02,NA
"Angola","AO",2025,3129.47662331063,14.108,NA
"Benin","BJ",2000,487.424141384242,0.864,NA
"Benin","BJ",2001,492.401499509072,0.766,NA
"Benin","BJ",2002,546.463829658159,0.69,NA
"Benin","BJ",2003,676.002878084282,0.747,NA
"Benin","BJ",2004,758.695803786371,0.79,NA
"Benin","BJ",2005,779.437777753268,0.859,NA
"Benin","BJ",2006,809.147072506221,0.888,NA
"Benin","BJ",2007,912.338247188342,0.902,NA
"Benin","BJ",2008,1060.60254502099,0.895,NA
"Benin","BJ",2009,1024.10277858112,0.95,NA
"Benin","BJ",2010,973.244254931526,1.04,0.43
"Benin","BJ",2011,1059.41358852588,2.647,0.47
"Benin","BJ",2012,1071.5258366283,2.458,0.46
"Benin","BJ",2013,1168.92699279226,2.198,0.46
"Benin","BJ",2014,1204.39918670094,1.952,0.44
"Benin","BJ",2015,1002.41886879614,1.886,0.43
"Benin","BJ",2016,1010.5338961993,1.834,0.42
"Benin","BJ",2017,1054.97408066814,1.691,0.42
"Benin","BJ",2018,1151.7409703472,1.426,0.44
"Benin","BJ",2019,1130.82135339795,1.214,0.4
"Benin","BJ",2020,1200.19426557789,1.518,0.45
"Benin","BJ",2021,1318.65158075198,1.833,0.43
"Benin","BJ",2022,1266.42711031904,1.685,NA
"Benin","BJ",2023,1394.17784721831,1.641,NA
"Benin","BJ",2024,1485.38018885134,1.637,NA
"Benin","BJ",2025,1658.27312662991,1.589,NA
"Botswana","BW",2000,3450.81180622992,15.88,2.13
"Botswana","BW",2001,3206.07123689853,18.54,2.16
"Botswana","BW",2002,3117.25087183011,21.277,2.2
"Botswana","BW",2003,4230.12326909926,23.8,2.09
"Botswana","BW",2004,4956.69287735214,21.755,2.05
"Botswana","BW",2005,5391.07076619634,19.852,2.16
"Botswana","BW",2006,5291.58379144849,17.782,2.17
"Botswana","BW",2007,5529.12574632532,16.976,2.17
"Botswana","BW",2008,5503.07395314313,16.293,2.17
"Botswana","BW",2009,5082.93388332404,16.169,2.29
"Botswana","BW",2010,6215.73216077919,17.86,2.47
"Botswana","BW",2011,7287.38295334919,18.049,2.55
"Botswana","BW",2012,6595.53845015424,17.916,2.5
"Botswana","BW",2013,6666.91219583487,18.167,2.59
"Botswana","BW",2014,7122.36423421503,18.484,2.57
"Botswana","BW",2015,6141.20394726616,18.915,2.61
"Botswana","BW",2016,6749.05994339013,19.328,2.57
"Botswana","BW",2017,7104.96401088027,19.671,2.54
"Botswana","BW",2018,7407.95940141786,19.665,2.5
"Botswana","BW",2019,7172.08956480028,20.094,2.47
"Botswana","BW",2020,6323.2974967659,21.017,2.43
"Botswana","BW",2021,7807.88794570471,23.106,2.39
"Botswana","BW",2022,8328.7090572666,23.615,2.36
"Botswana","BW",2023,7827.30027960734,23.381,NA
"Botswana","BW",2024,7649.81663744354,23.81,NA
"Botswana","BW",2025,7778.1151090571,24.477,NA
"Burkina Faso","BF",2000,248.908526921752,2.687,NA
"Burkina Faso","BF",2001,259.485223380436,2.748,NA
"Burkina Faso","BF",2002,285.654087637533,2.862,NA
"Burkina Faso","BF",2003,362.373899996953,2.78,NA
"Burkina Faso","BF",2004,403.81283743461,3.48,NA
"Burkina Faso","BF",2005,441.164148016012,4,NA
"Burkina Faso","BF",2006,455.513655620024,3.67,NA
"Burkina Faso","BF",2007,514.684451177238,3.3,NA
"Burkina Faso","BF",2008,619.437533256264,3.501,NA
"Burkina Faso","BF",2009,601.569520671859,3.723,NA
"Burkina Faso","BF",2010,624.957252224766,3.725,NA
"Burkina Faso","BF",2011,725.024767725475,3.827,NA
"Burkina Faso","BF",2012,731.470138867833,3.849,NA
"Burkina Faso","BF",2013,759.762065168498,4.054,NA
"Burkina Faso","BF",2014,764.861675106225,4.255,NA
"Burkina Faso","BF",2015,630.124750752312,4.472,NA
"Burkina Faso","BF",2016,663.742364842886,4.598,NA
"Burkina Faso","BF",2017,709.091535894695,4.662,NA
"Burkina Faso","BF",2018,777.465618514048,4.695,NA
"Burkina Faso","BF",2019,764.853077774946,4.493,NA
"Burkina Faso","BF",2020,825.237038782475,4.59,0.2
"Burkina Faso","BF",2021,895.535288442991,4.511,NA
"Burkina Faso","BF",2022,827.330843486661,3.828,NA
"Burkina Faso","BF",2023,873.198061670247,3.601,NA
"Burkina Faso","BF",2024,982.493100418428,3.441,NA
"Burkina Faso","BF",2025,1147.57131635601,3.477,NA
"Burundi","BI",2000,134.537861752389,3.137,NA
"Burundi","BI",2001,132.159554541932,3.154,NA
"Burundi","BI",2002,120.952308575468,3.168,NA
"Burundi","BI",2003,111.406682804391,3.145,NA
"Burundi","BI",2004,125.194965184533,3.177,NA
"Burundi","BI",2005,147.234619294225,3.162,NA
"Burundi","BI",2006,161.892755640319,3.185,NA
"Burundi","BI",2007,166.162744906755,2.404,NA
"Burundi","BI",2008,189.502074570768,1.634,NA
"Burundi","BI",2009,198.431524048225,1.622,NA
"Burundi","BI",2010,216.727705301976,1.615,NA
"Burundi","BI",2011,230.069761381132,1.602,NA
"Burundi","BI",2012,231.098787811507,1.593,0.99
"Burundi","BI",2013,234.844770150871,1.584,0.71
"Burundi","BI",2014,250.544492155185,1.572,0.69
"Burundi","BI",2015,254.402585226788,1.449,NA
"Burundi","BI",2016,232.937812100153,1.352,NA
"Burundi","BI",2017,246.060725714184,1.25,NA
"Burundi","BI",2018,245.661678332009,1.147,NA
"Burundi","BI",2019,234.31061590725,1.043,NA
"Burundi","BI",2020,252.702452750006,1.03,NA
"Burundi","BI",2021,264.172844085398,1.118,NA
"Burundi","BI",2022,301.832255755105,0.909,NA
"Burundi","BI",2023,249.795164039029,0.911,NA
"Burundi","BI",2024,216.231928531758,0.915,NA
"Burundi","BI",2025,233.823013385395,0.922,NA
"Cabo Verde","CV",2000,1189.51479345891,13.024,NA
"Cabo Verde","CV",2001,1223.33055331575,13.242,NA
"Cabo Verde","CV",2002,1328.57874270666,13.379,NA
"Cabo Verde","CV",2003,1717.97565369655,13.604,NA
"Cabo Verde","CV",2004,1929.49081468781,13.456,2.07
"Cabo Verde","CV",2005,2004.14680417563,13.439,2.02
"Cabo Verde","CV",2006,2256.99666191075,13.378,2.01
"Cabo Verde","CV",2007,3324.57675212498,13.294,2.05
"Cabo Verde","CV",2008,3908.64885822576,13.307,NA
"Cabo Verde","CV",2009,3659.72046361628,13.517,2
"Cabo Verde","CV",2010,3579.46006137809,10.67,2.03
"Cabo Verde","CV",2011,4002.01386888785,10.956,2.11
"Cabo Verde","CV",2012,3736.81517011087,11.145,2.19
"Cabo Verde","CV",2013,3960.97596791345,11.398,2.09
"Cabo Verde","CV",2014,3985.60706548134,11.689,2.05
"Cabo Verde","CV",2015,3415.06266730931,11.923,2.08
"Cabo Verde","CV",2016,3608.96605234906,12.085,2.07
"Cabo Verde","CV",2017,3893.09571382506,12.24,2.1
"Cabo Verde","CV",2018,4294.96510035729,12.17,2.19
"Cabo Verde","CV",2019,4380.78117331128,12.123,2.14
"Cabo Verde","CV",2020,3539.22661248299,14.65,NA
"Cabo Verde","CV",2021,3971.44409203423,13.932,NA
"Cabo Verde","CV",2022,4323.31362032709,12.239,2.21
"Cabo Verde","CV",2023,4794.90119772843,11.882,NA
"Cabo Verde","CV",2024,5170.20531932535,11.883,NA
"Cabo Verde","CV",2025,5796.47207860911,11.939,NA
"Cameroon","CM",2000,708.565731625965,7.533,NA
"Cameroon","CM",2001,715.470296470585,7.46,NA
"Cameroon","CM",2002,789.623811072554,6.711,NA
"Cameroon","CM",2003,988.241276791846,5.908,NA
"Cameroon","CM",2004,1133.39326749673,5.087,NA
"Cameroon","CM",2005,1142.62466252106,4.4,NA
"Cameroon","CM",2006,1191.45458990968,3.729,NA
"Cameroon","CM",2007,1325.67248215933,3.063,NA
"Cameroon","CM",2008,1492.14269801453,3.386,NA
"Cameroon","CM",2009,1461.38999232337,3.743,NA
"Cameroon","CM",2010,1398.58702025047,4.11,NA
"Cameroon","CM",2011,1513.96056994878,3.988,NA
"Cameroon","CM",2012,1449.09874362279,3.836,NA
"Cameroon","CM",2013,1575.92882118897,3.686,NA
"Cameroon","CM",2014,1649.4433905949,3.534,NA
"Cameroon","CM",2015,1415.00009710569,3.518,NA
"Cameroon","CM",2016,1441.7201725688,3.529,2.65
"Cameroon","CM",2017,1496.08951771242,3.573,NA
"Cameroon","CM",2018,1610.69641591017,3.608,NA
"Cameroon","CM",2019,1555.22660476477,3.632,NA
"Cameroon","CM",2020,1555.60370660749,3.881,NA
"Cameroon","CM",2021,1672.32657340872,3.976,NA
"Cameroon","CM",2022,1604.87726954895,3.646,NA
"Cameroon","CM",2023,1720.47510154506,3.607,NA
"Cameroon","CM",2024,1830.00833684727,3.603,NA
"Cameroon","CM",2025,1972.3815800786,3.602,NA
"Central African Republic","CF",2000,239.154133726071,5.722,NA
"Central African Republic","CF",2001,237.951702544735,5.77,NA
"Central African Republic","CF",2002,248.639290978403,5.809,NA
"Central African Republic","CF",2003,278.403992150941,5.809,NA
"Central African Republic","CF",2004,303.461321152782,5.729,NA
"Central African Republic","CF",2005,311.950023138687,5.691,NA
"Central African Republic","CF",2006,333.942519903031,5.61,1.2
"Central African Republic","CF",2007,380.887048839475,5.562,NA
"Central African Republic","CF",2008,437.24827472489,5.51,NA
"Central African Republic","CF",2009,456.471673898404,5.575,NA
"Central African Republic","CF",2010,476.873786950728,5.658,NA
"Central African Republic","CF",2011,534.057281471636,5.638,1
"Central African Republic","CF",2012,544.395849142785,5.58,NA
"Central African Republic","CF",2013,364.36696260838,5.566,NA
"Central African Republic","CF",2014,409.8504859647,5.633,NA
"Central African Republic","CF",2015,366.322853938121,5.775,NA
"Central African Republic","CF",2016,387.176203444318,5.793,NA
"Central African Republic","CF",2017,432.324025684263,5.836,NA
"Central African Republic","CF",2018,455.243962859534,5.825,NA
"Central African Republic","CF",2019,449.228467602439,5.916,NA
"Central African Republic","CF",2020,462.879071294011,6.519,NA
"Central African Republic","CF",2021,492.263142830507,6.701,NA
"Central African Republic","CF",2022,467.359825026238,6.287,NA
"Central African Republic","CF",2023,495.978897288721,6.181,NA
"Central African Republic","CF",2024,516.160999996036,6.253,NA
"Central African Republic","CF",2025,556.131398031455,6.251,NA
"Chad","TD",2000,163.121663683369,0.796,NA
"Chad","TD",2001,194.32295331156,0.792,NA
"Chad","TD",2002,219.061391951349,0.769,NA
"Chad","TD",2003,289.087621122168,0.725,NA
"Chad","TD",2004,445.850767157087,0.672,NA
"Chad","TD",2005,838.092107712557,0.663,NA
"Chad","TD",2006,906.897260572747,0.716,NA
"Chad","TD",2007,980.483531485103,0.839,NA
"Chad","TD",2008,1166.36883453841,0.922,NA
"Chad","TD",2009,1035.63719694254,0.943,NA
"Chad","TD",2010,1141.80069268412,0.911,NA
"Chad","TD",2011,1308.1421872538,0.92,NA
"Chad","TD",2012,1354.34344701937,0.886,NA
"Chad","TD",2013,1304.88742971475,0.955,NA
"Chad","TD",2014,1278.78981422494,0.984,NA
"Chad","TD",2015,993.990730610869,1.032,0.47
"Chad","TD",2016,861.831767630746,1.091,NA
"Chad","TD",2017,854.46120040098,1.132,0.44
"Chad","TD",2018,948.656629871231,1.135,NA
"Chad","TD",2019,893.336441643325,1.077,NA
"Chad","TD",2020,866.947814890409,1.695,0.15
"Chad","TD",2021,946.358500208374,1.53,NA
"Chad","TD",2022,966.036468278568,1.081,NA
"Chad","TD",2023,949.991054236266,1.059,NA
"Chad","TD",2024,980.668312111718,1.053,NA
"Chad","TD",2025,1022.33559390754,1.057,NA
"Comoros","KM",2000,633.309032776244,4.4,NA
"Comoros","KM",2001,681.163857619963,4.379,NA
"Comoros","KM",2002,764.61349832543,4.372,NA
"Comoros","KM",2003,959.691049354812,4.559,NA
"Comoros","KM",2004,1072.28409029621,4.571,NA
"Comoros","KM",2005,1105.78796866788,4.527,NA
"Comoros","KM",2006,1138.47908404345,4.482,2.2
"Comoros","KM",2007,1289.73631056361,4.474,NA
"Comoros","KM",2008,1455.02768595586,4.416,NA
"Comoros","KM",2009,1410.30516959473,4.303,NA
"Comoros","KM",2010,1386.57533553376,4.19,2.16
"Comoros","KM",2011,1531.43969320468,4.12,NA
"Comoros","KM",2012,1490.31425650871,4.091,NA
"Comoros","KM",2013,1603.32653496691,3.98,NA
"Comoros","KM",2014,1615.71709756316,3.984,NA
"Comoros","KM",2015,1329.37048235986,4.031,NA
"Comoros","KM",2016,1365.48403444497,4.117,NA
"Comoros","KM",2017,1423.9248027797,4.049,NA
"Comoros","KM",2018,1540.71132257526,3.975,NA
"Comoros","KM",2019,1519.26386436068,3.926,NA
"Comoros","KM",2020,1527.16991011916,4.468,NA
"Comoros","KM",2021,1587.72988658008,4.394,NA
"Comoros","KM",2022,1533.87755393614,3.879,NA
"Comoros","KM",2023,1723.89474946474,3.833,NA
"Comoros","KM",2024,1857.87060684189,3.815,NA
"Comoros","KM",2025,2055.75921566281,3.819,NA
"Democratic Republic of the Congo","CD",2000,377.925421481395,3.245,NA
"Democratic Republic of the Congo","CD",2001,142.678142604412,3.251,NA
"Democratic Republic of the Congo","CD",2002,162.38052907429,3.179,NA
"Democratic Republic of the Congo","CD",2003,161.491553524396,3.057,NA
"Democratic Republic of the Congo","CD",2004,180.664764963633,2.976,NA
"Democratic Republic of the Congo","CD",2005,214.539740473519,2.948,NA
"Democratic Republic of the Congo","CD",2006,255.445229568751,3.174,0.8
"Democratic Republic of the Congo","CD",2007,294.101615124419,3.404,NA
"Democratic Republic of the Congo","CD",2008,352.900363371995,3.627,NA
"Democratic Republic of the Congo","CD",2009,280.178991035792,3.882,NA
"Democratic Republic of the Congo","CD",2010,352.400398754692,4.098,NA
"Democratic Republic of the Congo","CD",2011,372.514273875789,4.317,NA
"Democratic Republic of the Congo","CD",2012,409.931424783784,4.485,NA
"Democratic Republic of the Congo","CD",2013,460.370334930107,4.469,NA
"Democratic Republic of the Congo","CD",2014,489.175952097319,4.436,NA
"Democratic Republic of the Congo","CD",2015,495.826633014883,4.441,NA
"Democratic Republic of the Congo","CD",2016,459.765036590388,4.528,NA
"Democratic Republic of the Congo","CD",2017,431.052559128788,4.613,NA
"Democratic Republic of the Congo","CD",2018,518.169626875371,4.632,NA
"Democratic Republic of the Congo","CD",2019,504.00419142286,4.605,NA
"Democratic Republic of the Congo","CD",2020,486.425572682256,5.355,NA
"Democratic Republic of the Congo","CD",2021,595.743074403567,5.289,NA
"Democratic Republic of the Congo","CD",2022,687.738587554685,4.54,NA
"Democratic Republic of the Congo","CD",2023,660.21205238997,4.469,NA
"Democratic Republic of the Congo","CD",2024,692.887665085098,4.421,NA
"Democratic Republic of the Congo","CD",2025,806.776000708534,4.434,NA
"Congo","CG",2000,1024.30159109181,19.872,NA
"Congo","CG",2001,854.598314408095,19.88,NA
"Congo","CG",2002,905.538135544704,19.644,NA
"Congo","CG",2003,1016.82363412143,19.877,NA
"Congo","CG",2004,1306.10136324599,19.896,NA
"Congo","CG",2005,1799.05158366154,19.796,1.6
"Congo","CG",2006,2103.5821381211,19.563,NA
"Congo","CG",2007,2206.47101863414,19.909,NA
"Congo","CG",2008,2832.09177777643,19.962,NA
"Congo","CG",2009,2271.15219175966,19.844,NA
"Congo","CG",2010,2946.55798067708,19.3,NA
"Congo","CG",2011,3396.16505817952,19.435,NA
"Congo","CG",2012,3732.32737320389,19.491,NA
"Congo","CG",2013,3697.41705884249,19.845,NA
"Congo","CG",2014,3601.2365808718,19.696,NA
"Congo","CG",2015,2439.35189403696,20.02,NA
"Congo","CG",2016,2093.10728558843,20.298,NA
"Congo","CG",2017,2211.63309874797,20.737,NA
"Congo","CG",2018,2694.43413191427,20.84,NA
"Congo","CG",2019,2488.42466724916,20.494,NA
"Congo","CG",2020,1993.586671931,22.286,NA
"Congo","CG",2021,2516.16255145432,21.998,NA
"Congo","CG",2022,2620.83804267402,20.131,NA
"Congo","CG",2023,2477.97845544866,19.919,NA
"Congo","CG",2024,2482.2489948456,19.895,NA
"Congo","CG",2025,2514.73393584747,19.876,NA
"Cote d'Ivoire","CI",2000,936.636541348798,4.835,NA
"Cote d'Ivoire","CI",2001,924.727294962066,5.195,NA
"Cote d'Ivoire","CI",2002,967.815864415991,5.508,NA
"Cote d'Ivoire","CI",2003,1111.17135087887,5.847,NA
"Cote d'Ivoire","CI",2004,1199.82524528546,5.915,NA
"Cote d'Ivoire","CI",2005,1197.74616979415,6.023,NA
"Cote d'Ivoire","CI",2006,1230.43056838584,6.017,0.4
"Cote d'Ivoire","CI",2007,1367.53817722326,6.284,NA
"Cote d'Ivoire","CI",2008,1583.97066701372,6.382,NA
"Cote d'Ivoire","CI",2009,1540.45393569596,6.573,NA
"Cote d'Ivoire","CI",2010,1553.54887048143,6.607,NA
"Cote d'Ivoire","CI",2011,1596.62826565998,7.144,NA
"Cote d'Ivoire","CI",2012,1546.9460184731,7.223,NA
"Cote d'Ivoire","CI",2013,1786.15862031324,4.255,NA
"Cote d'Ivoire","CI",2014,1991.36539423404,3.274,NA
"Cote d'Ivoire","CI",2015,1814.71855088017,2.573,NA
"Cote d'Ivoire","CI",2016,1862.59597081287,1.896,NA
"Cote d'Ivoire","CI",2017,1964.29930338343,3.272,NA
"Cote d'Ivoire","CI",2018,2130.86619381144,2.852,NA
"Cote d'Ivoire","CI",2019,2141.76836170115,2.401,NA
"Cote d'Ivoire","CI",2020,2179.72934832935,2.588,NA
"Cote d'Ivoire","CI",2021,2455.98127641148,2.623,NA
"Cote d'Ivoire","CI",2022,2333.37128301259,2.31,NA
"Cote d'Ivoire","CI",2023,2591.9659048119,2.263,NA
"Cote d'Ivoire","CI",2024,2727.8935220697,2.273,NA
"Cote d'Ivoire","CI",2025,3050.10202257321,2.323,NA
"Djibouti","DJ",2000,737.612183644052,26.664,NA
"Djibouti","DJ",2001,742.133791107063,26.597,NA
"Djibouti","DJ",2002,743.013270420348,26.589,NA
"Djibouti","DJ",2003,764.634465224597,26.484,NA
"Djibouti","DJ",2004,806.261652944964,26.441,NA
"Djibouti","DJ",2005,844.4483573908,26.448,NA
"Djibouti","DJ",2006,898.464628136774,26.382,NA
"Djibouti","DJ",2007,969.573220191902,26.292,NA
"Djibouti","DJ",2008,1119.15233346969,26.183,NA
"Djibouti","DJ",2009,1150.9375857489,26.325,NA
"Djibouti","DJ",2010,1213.23352553429,26.368,NA
"Djibouti","DJ",2011,1306.34552844977,26.31,NA
"Djibouti","DJ",2012,1400.19357858954,26.179,1.1
"Djibouti","DJ",2013,2075.94498424748,26.149,1.07
"Djibouti","DJ",2014,2214.62084142432,26.16,1.18
"Djibouti","DJ",2015,2376.12554719873,26.063,1.26
"Djibouti","DJ",2016,2510.4300076241,25.982,1.44
"Djibouti","DJ",2017,2618.95521147369,26.064,1.42
"Djibouti","DJ",2018,2718.08338799203,26.18,1.4
"Djibouti","DJ",2019,2837.16902340932,26.257,NA
"Djibouti","DJ",2020,2844.88810647853,27.701,NA
"Djibouti","DJ",2021,3025.91126413549,27.628,NA
"Djibouti","DJ",2022,3133.25779772463,26.272,NA
"Djibouti","DJ",2023,3381.29779710722,26.074,NA
"Djibouti","DJ",2024,3552.72335079222,26.007,NA
"Djibouti","DJ",2025,3905.604954681,26.015,NA
"Equatorial Guinea","GQ",2000,1487.3165506701,7.444,NA
"Equatorial Guinea","GQ",2001,1948.61145907844,7.551,NA
"Equatorial Guinea","GQ",2002,2264.21065580365,7.646,NA
"Equatorial Guinea","GQ",2003,2930.60183743733,7.701,NA
"Equatorial Guinea","GQ",2004,4901.30127408119,7.658,NA
"Equatorial Guinea","GQ",2005,8673.9026086535,7.667,NA
"Equatorial Guinea","GQ",2006,10184.8841248541,7.612,NA
"Equatorial Guinea","GQ",2007,12616.9532942011,7.592,NA
"Equatorial Guinea","GQ",2008,18210.5552970599,7.571,NA
"Equatorial Guinea","GQ",2009,13232.5019378102,7.702,1.9
"Equatorial Guinea","GQ",2010,13720.1658723222,7.847,2.1
"Equatorial Guinea","GQ",2011,17198.2136668275,7.837,NA
"Equatorial Guinea","GQ",2012,17308.5723924575,7.761,NA
"Equatorial Guinea","GQ",2013,16304.0713196418,7.675,NA
"Equatorial Guinea","GQ",2014,15548.6624656619,7.669,NA
"Equatorial Guinea","GQ",2015,9068.91003238645,7.778,NA
"Equatorial Guinea","GQ",2016,7453.19797948517,7.798,NA
"Equatorial Guinea","GQ",2017,7809.10465655488,7.843,NA
"Equatorial Guinea","GQ",2018,8102.47084834031,7.818,NA
"Equatorial Guinea","GQ",2019,6804.14923073888,7.917,NA
"Equatorial Guinea","GQ",2020,5764.05502912947,8.625,NA
"Equatorial Guinea","GQ",2021,6945.63069794539,8.821,NA
"Equatorial Guinea","GQ",2022,7589.29964909381,8.334,NA
"Equatorial Guinea","GQ",2023,6788.35271638376,8.218,NA
"Equatorial Guinea","GQ",2024,7003.58055684906,8.293,NA
"Equatorial Guinea","GQ",2025,6615.25245207167,8.337,NA
"Eritrea","ER",2000,314.357396753501,5.656,NA
"Eritrea","ER",2001,325.409161513593,5.74,NA
"Eritrea","ER",2002,304.775756465092,5.794,NA
"Eritrea","ER",2003,348.950327077742,5.79,1.57
"Eritrea","ER",2004,426.840947887032,5.704,1.61
"Eritrea","ER",2005,412.753079199423,5.721,1.48
"Eritrea","ER",2006,447.997404727201,5.707,1.43
"Eritrea","ER",2007,480.44762365456,5.719,1.47
"Eritrea","ER",2008,490.066956003333,5.683,1.4
"Eritrea","ER",2009,642.92572288007,5.757,1.4
"Eritrea","ER",2010,539.699512069686,5.854,1.27
"Eritrea","ER",2011,688.68165957684,5.801,1.33
"Eritrea","ER",2012,NA,5.692,1.29
"Eritrea","ER",2013,NA,5.624,1.25
"Eritrea","ER",2014,NA,5.637,1.24
"Eritrea","ER",2015,NA,5.751,1.23
"Eritrea","ER",2016,NA,5.772,1.23
"Eritrea","ER",2017,NA,5.804,1.23
"Eritrea","ER",2018,NA,5.756,1.16
"Eritrea","ER",2019,NA,5.812,1.09
"Eritrea","ER",2020,NA,6.375,1.08
"Eritrea","ER",2021,NA,6.489,1.06
"Eritrea","ER",2022,NA,6.033,1.04
"Eritrea","ER",2023,NA,5.909,1.02
"Eritrea","ER",2024,NA,5.947,NA
"Eritrea","ER",2025,NA,5.978,NA
"Eswatini","SZ",2000,1629.67038842815,24.547,NA
"Eswatini","SZ",2001,1429.85630359447,25.24,NA
"Eswatini","SZ",2002,1315.73634647994,25.771,NA
"Eswatini","SZ",2003,2015.21743065251,26.259,NA
"Eswatini","SZ",2004,2525.5640452625,26.716,NA
"Eswatini","SZ",2005,2871.06877437449,27.221,NA
"Eswatini","SZ",2006,2964.95865200682,27.693,NA
"Eswatini","SZ",2007,3109.11097608864,28.24,NA
"Eswatini","SZ",2008,2946.8606613746,27.891,NA
"Eswatini","SZ",2009,3189.79679956637,27.488,NA
"Eswatini","SZ",2010,3922.74039390733,26.856,NA
"Eswatini","SZ",2011,4225.06049411911,26.105,NA
"Eswatini","SZ",2012,4224.54789174487,25.226,NA
"Eswatini","SZ",2013,3949.94310039907,24.556,2.02
"Eswatini","SZ",2014,3771.07228381938,23.931,NA
"Eswatini","SZ",2015,3419.82276559528,23.431,NA
"Eswatini","SZ",2016,3238.17611961364,22.718,NA
"Eswatini","SZ",2017,3853.09956569679,24.543,NA
"Eswatini","SZ",2018,3972.65450620357,26.471,NA
"Eswatini","SZ",2019,3913.14577547336,28.222,NA
"Eswatini","SZ",2020,3466.56936278145,32.978,NA
"Eswatini","SZ",2021,3984.00229174306,34.153,NA
"Eswatini","SZ",2022,3894.1620089869,36.472,NA
"Eswatini","SZ",2023,3755.52111232464,34.61,NA
"Eswatini","SZ",2024,3909.55892378182,34.643,NA
"Eswatini","SZ",2025,4108.25221093363,34.202,NA
"Ethiopia","ET",2000,122.269202606069,3.499,NA
"Ethiopia","ET",2001,118.457204255261,3.16,NA
"Ethiopia","ET",2002,109.593813612988,3.054,NA
"Ethiopia","ET",2003,116.800491132777,3.008,NA
"Ethiopia","ET",2004,133.169812538096,2.776,NA
"Ethiopia","ET",2005,158.243458082465,2.497,NA
"Ethiopia","ET",2006,189.345737521418,2.337,NA
"Ethiopia","ET",2007,237.146255996319,2.337,NA
"Ethiopia","ET",2008,316.410475118075,2.326,0.2
"Ethiopia","ET",2009,368.574712267445,2.326,NA
"Ethiopia","ET",2010,330.619412798644,2.295,NA
"Ethiopia","ET",2011,343.024942351887,2.27,NA
"Ethiopia","ET",2012,452.101031885754,2.252,NA
"Ethiopia","ET",2013,484.039833104062,2.251,NA
"Ethiopia","ET",2014,549.986577082588,2.361,NA
"Ethiopia","ET",2015,597.912113218663,2.442,NA
"Ethiopia","ET",2016,641.651523286233,2.556,0.33
"Ethiopia","ET",2017,696.348429076216,2.665,NA
"Ethiopia","ET",2018,739.702022272086,2.811,NA
"Ethiopia","ET",2019,793.473247218996,2.928,NA
"Ethiopia","ET",2020,829.790982552951,3.998,NA
"Ethiopia","ET",2021,893.009835441784,3.935,NA
"Ethiopia","ET",2022,982.103161502198,3.386,NA
"Ethiopia","ET",2023,1055.81091593061,3.375,NA
"Ethiopia","ET",2024,1133.88279681256,3.357,NA
"Ethiopia","ET",2025,932.729352775179,3.323,NA
"Gabon","GA",2000,3982.906200928,17.848,NA
"Gabon","GA",2001,3835.75718279727,17.827,NA
"Gabon","GA",2002,3966.48001864663,17.376,NA
"Gabon","GA",2003,4710.74862768151,17.126,NA
"Gabon","GA",2004,5465.79193590708,17.108,NA
"Gabon","GA",2005,6547.87613955186,16.91,NA
"Gabon","GA",2006,6847.00985685394,17.805,NA
"Gabon","GA",2007,8003.54289696049,18.257,NA
"Gabon","GA",2008,9688.64519690633,19.212,NA
"Gabon","GA",2009,7290.57526093114,19.76,NA
"Gabon","GA",2010,8356.74662013345,20.39,NA
"Gabon","GA",2011,10219.1139339454,19.895,1.95
"Gabon","GA",2012,9296.96587941088,19.661,NA
"Gabon","GA",2013,9197.70106323947,19.736,NA
"Gabon","GA",2014,9201.36276648105,19.873,NA
"Gabon","GA",2015,7047.12654634355,19.943,NA
"Gabon","GA",2016,6677.07003901644,20.117,NA
"Gabon","GA",2017,6921.73373135624,20.307,NA
"Gabon","GA",2018,7624.2775233771,20.459,NA
"Gabon","GA",2019,7441.1786472281,20.371,NA
"Gabon","GA",2020,6605.80346077904,21.279,NA
"Gabon","GA",2021,8181.40914134398,21.223,NA
"Gabon","GA",2022,8409.20741452279,20.319,NA
"Gabon","GA",2023,7802.82433276138,20.161,NA
"Gabon","GA",2024,8230.04311451151,20.091,NA
"Gabon","GA",2025,8263.03321595,20.154,NA
"Gambia","GM",2000,538.054072348854,9.722,NA
"Gambia","GM",2001,459.803068381399,9.64,NA
"Gambia","GM",2002,376.531026962584,10.039,NA
"Gambia","GM",2003,308.719123437587,9.991,NA
"Gambia","GM",2004,593.285346326581,9.948,NA
"Gambia","GM",2005,616.483657865348,9.92,NA
"Gambia","GM",2006,614.544307904464,10.241,NA
"Gambia","GM",2007,724.726407242432,10.425,NA
"Gambia","GM",2008,859.127671411226,10.065,NA
"Gambia","GM",2009,774.888030908091,9.778,NA
"Gambia","GM",2010,801.033372714536,9.673,NA
"Gambia","GM",2011,710.608411468152,10.276,NA
"Gambia","GM",2012,692.579361628102,10.346,NA
"Gambia","GM",2013,653.862713272743,9.454,NA
"Gambia","GM",2014,568.00453558864,8.191,1.05
"Gambia","GM",2015,619.536364296461,7.226,1.02
"Gambia","GM",2016,650.056501323611,6.244,1.08
"Gambia","GM",2017,642.522641296331,5.097,NA
"Gambia","GM",2018,696.219806960615,4.055,NA
"Gambia","GM",2019,738.186751987483,4.481,0.96
"Gambia","GM",2020,720.335143352133,5.84,1.14
"Gambia","GM",2021,781.890925169531,6.213,1.18
"Gambia","GM",2022,836.244875868476,6.067,NA
"Gambia","GM",2023,883.024111978927,6.479,1.11
"Gambia","GM",2024,871.340287547821,6.48,NA
"Gambia","GM",2025,919.060423427951,6.521,NA
"Ghana","GH",2000,253.746936203344,10.456,NA
"Ghana","GH",2001,263.542156494853,9.615,NA
"Ghana","GH",2002,297.46164468774,8.711,NA
"Ghana","GH",2003,358.39927142073,7.728,NA
"Ghana","GH",2004,406.132105329565,6.758,NA
"Ghana","GH",2005,478.611909191028,5.816,NA
"Ghana","GH",2006,906.441027564887,4.897,NA
"Ghana","GH",2007,1050.12461524926,5.104,NA
"Ghana","GH",2008,1182.65761256016,5.144,NA
"Ghana","GH",2009,1047.70430093586,5.362,NA
"Ghana","GH",2010,1263.89251760539,5.384,0.7
"Ghana","GH",2011,1507.43573198753,4.213,0.68
"Ghana","GH",2012,1543.77524235764,3.126,0.72
"Ghana","GH",2013,2294.79584693743,2.173,0.73
"Ghana","GH",2014,1949.90832923846,4.403,0.71
"Ghana","GH",2015,1722.77282833606,6.806,0.69
"Ghana","GH",2016,1912.47991339951,5.256,NA
"Ghana","GH",2017,2012.28662641265,3.369,NA
"Ghana","GH",2018,2195.32166016377,3.204,NA
"Ghana","GH",2019,2186.65822682613,3.067,NA
"Ghana","GH",2020,2195.45481659987,3.178,NA
"Ghana","GH",2021,2445.18662529344,3.2,NA
"Ghana","GH",2022,2229.89122654479,2.87,NA
"Ghana","GH",2023,2383.90410476221,2.829,NA
"Ghana","GH",2024,2419.2518672482,2.82,NA
"Ghana","GH",2025,3257.1588903576,2.979,NA
"Guinea-Bissau","GW",2000,316.945495037639,3.358,NA
"Guinea-Bissau","GW",2001,327.138431972397,2.958,NA
"Guinea-Bissau","GW",2002,362.034574570354,3.146,NA
"Guinea-Bissau","GW",2003,419.78486611807,3.169,NA
"Guinea-Bissau","GW",2004,431.376557669634,3.226,NA
"Guinea-Bissau","GW",2005,463.073962650452,3.184,NA
"Guinea-Bissau","GW",2006,448.513075469701,3.143,NA
"Guinea-Bissau","GW",2007,519.069789794741,3.125,NA
"Guinea-Bissau","GW",2008,640.210331101753,3.157,NA
"Guinea-Bissau","GW",2009,583.190020139094,3.163,1
"Guinea-Bissau","GW",2010,600.194298540768,3.121,NA
"Guinea-Bissau","GW",2011,719.539573498937,3.072,NA
"Guinea-Bissau","GW",2012,635.461653303881,3.135,NA
"Guinea-Bissau","GW",2013,654.304534409417,3.173,NA
"Guinea-Bissau","GW",2014,652.022501029449,3.285,NA
"Guinea-Bissau","GW",2015,645.066837207039,3.168,NA
"Guinea-Bissau","GW",2016,679.665386626818,3.139,NA
"Guinea-Bissau","GW",2017,783.123186602022,3.089,NA
"Guinea-Bissau","GW",2018,808.531613218504,3.127,NA
"Guinea-Bissau","GW",2019,811.210004050041,2.413,NA
"Guinea-Bissau","GW",2020,846.918134967613,2.887,NA
"Guinea-Bissau","GW",2021,926.54619187706,3.016,NA
"Guinea-Bissau","GW",2022,881.602654162231,2.666,NA
"Guinea-Bissau","GW",2023,964.431832665395,2.632,NA
"Guinea-Bissau","GW",2024,998.376093392688,2.647,NA
"Guinea-Bissau","GW",2025,1123.76679992349,2.673,NA
"Guinea","GN",2000,518.157066924026,4.586,NA
"Guinea","GN",2001,483.085120214741,4.584,NA
"Guinea","GN",2002,495.916073559269,4.549,NA
"Guinea","GN",2003,566.48540588068,4.628,NA
"Guinea","GN",2004,584.897740538081,4.709,NA
"Guinea","GN",2005,463.17768685098,4.814,0.3
"Guinea","GN",2006,446.980554135013,4.863,NA
"Guinea","GN",2007,650.148575304743,4.787,NA
"Guinea","GN",2008,703.532825784369,4.803,NA
"Guinea","GN",2009,662.185914665575,4.914,NA
"Guinea","GN",2010,659.235326211315,5.018,NA
"Guinea","GN",2011,636.694958747648,5.024,0.3
"Guinea","GN",2012,699.353377212197,4.874,NA
"Guinea","GN",2013,748.455020824734,4.944,NA
"Guinea","GN",2014,765.146999389279,5.044,NA
"Guinea","GN",2015,747.356966759448,5.15,NA
"Guinea","GN",2016,711.996509782316,4.997,NA
"Guinea","GN",2017,833.598621691121,4.86,NA
"Guinea","GN",2018,933.273615633705,4.835,NA
"Guinea","GN",2019,1031.34146480732,5.018,NA
"Guinea","GN",2020,1053.66097696415,6.007,NA
"Guinea","GN",2021,1244.96550477914,5.815,NA
"Guinea","GN",2022,1416.59612011764,5.174,NA
"Guinea","GN",2023,1555.49375806861,5.141,NA
"Guinea","GN",2024,1694.95375862185,5.132,NA
"Guinea","GN",2025,1877.2541220972,5.163,NA
"Kenya","KE",2000,414.626365130846,2.884,NA
"Kenya","KE",2001,410.700452474814,2.876,NA
"Kenya","KE",2002,402.936385605382,2.916,NA
"Kenya","KE",2003,442.898457253405,2.869,NA
"Kenya","KE",2004,463.662781300121,2.844,1.4
"Kenya","KE",2005,523.456312433863,2.739,NA
"Kenya","KE",2006,699.80237063381,2.673,NA
"Kenya","KE",2007,840.201439476765,2.642,NA
"Kenya","KE",2008,915.54435473604,2.751,NA
"Kenya","KE",2009,1047.9678324485,2.816,NA
"Kenya","KE",2010,1091.51873101194,2.793,1.4
"Kenya","KE",2011,1096.14499807675,2.699,NA
"Kenya","KE",2012,1285.00536171512,2.678,NA
"Kenya","KE",2013,1370.87885214659,2.762,NA
"Kenya","KE",2014,1482.81566253497,2.767,NA
"Kenya","KE",2015,1489.11959777284,2.762,NA
"Kenya","KE",2016,1554.12610314423,2.757,NA
"Kenya","KE",2017,1667.48447230835,3.542,NA
"Kenya","KE",2018,1836.45275528993,4.284,NA
"Kenya","KE",2019,1960.40808854893,5.014,1.33
"Kenya","KE",2020,1927.66459027849,5.613,NA
"Kenya","KE",2021,2061.35622089594,5.693,NA
"Kenya","KE",2022,2109.56288513137,5.565,NA
"Kenya","KE",2023,1942.58802756191,5.409,NA
"Kenya","KE",2024,2133.46193404026,5.487,NA
"Kenya","KE",2025,2362.86091198611,5.449,NA
"Lesotho","LS",2000,442.779545779081,16.169,NA
"Lesotho","LS",2001,412.677473676821,16.081,NA
"Lesotho","LS",2002,388.92334985135,16.079,NA
"Lesotho","LS",2003,583.270036200288,16.056,NA
"Lesotho","LS",2004,766.685820928242,16.154,NA
"Lesotho","LS",2005,861.381496414995,16.031,NA
"Lesotho","LS",2006,925.467485502842,16.054,1.3
"Lesotho","LS",2007,861.188420899563,15.942,NA
"Lesotho","LS",2008,898.482517882593,15.851,NA
"Lesotho","LS",2009,878.847950537772,16.115,NA
"Lesotho","LS",2010,1119.47557793042,16.068,NA
"Lesotho","LS",2011,1280.73390931581,16.115,NA
"Lesotho","LS",2012,1217.93071228944,15.761,NA
"Lesotho","LS",2013,1151.03735837227,15.926,NA
"Lesotho","LS",2014,1173.5377928819,16.066,NA
"Lesotho","LS",2015,1121.19851342518,16.223,NA
"Lesotho","LS",2016,992.491840678465,16.138,NA
"Lesotho","LS",2017,1069.36673247542,16.379,NA
"Lesotho","LS",2018,1170.65569702819,16.614,NA
"Lesotho","LS",2019,1082.05706777516,16.876,NA
"Lesotho","LS",2020,918.582574704447,18.385,NA
"Lesotho","LS",2021,1066.58645143823,18.214,NA
"Lesotho","LS",2022,1030.12582947757,16.623,NA
"Lesotho","LS",2023,921.435141557056,16.348,NA
"Lesotho","LS",2024,1023.04227681523,16.34,NA
"Lesotho","LS",2025,1088.96276223185,16.315,NA
"Liberia","LR",2000,298.485340578945,2.018,NA
"Liberia","LR",2001,300.463828598983,2.104,NA
"Liberia","LR",2002,299.536445539621,2.222,NA
"Liberia","LR",2003,239.779556677091,2.42,NA
"Liberia","LR",2004,284.140223992458,2.424,NA
"Liberia","LR",2005,287.487333441381,2.413,NA
"Liberia","LR",2006,320.55808618515,2.28,NA
"Liberia","LR",2007,374.211308104278,2.232,NA
"Liberia","LR",2008,451.713856283285,2.221,NA
"Liberia","LR",2009,448.386367025545,2.241,0.7
"Liberia","LR",2010,492.252808033724,2.266,0.8
"Liberia","LR",2011,568.087865520004,2.211,NA
"Liberia","LR",2012,638.368751462083,2.146,NA
"Liberia","LR",2013,710.744570927863,2.08,NA
"Liberia","LR",2014,706.714490064507,2.079,NA
"Liberia","LR",2015,692.590082351257,2.557,NA
"Liberia","LR",2016,714.613063145659,3.081,0.63
"Liberia","LR",2017,699.269095727404,3.067,NA
"Liberia","LR",2018,692.203127129794,3.058,1.64
"Liberia","LR",2019,658.164180770507,3.071,NA
"Liberia","LR",2020,616.787867006715,4.102,NA
"Liberia","LR",2021,667.96610514319,3.844,1.59
"Liberia","LR",2022,744.617175237387,2.956,NA
"Liberia","LR",2023,799.194470229642,2.905,NA
"Liberia","LR",2024,851.497723870206,2.914,NA
"Liberia","LR",2025,915.328972645548,2.884,NA
"Madagascar","MG",2000,280.282905559649,5.8,0.43
"Madagascar","MG",2001,319.283278235657,5.35,0.32
"Madagascar","MG",2002,304.941777398445,5.515,NA
"Madagascar","MG",2003,352.620095849925,5.01,0.39
"Madagascar","MG",2004,272.20074858856,3.951,NA
"Madagascar","MG",2005,305.812074924388,2.62,0.38
"Madagascar","MG",2006,324.146874882604,2.945,0.32
"Madagascar","MG",2007,419.548001431865,3.202,0.32
"Madagascar","MG",2008,512.579800058444,3.431,0.29
"Madagascar","MG",2009,446.315238370592,3.885,NA
"Madagascar","MG",2010,450.009391645726,4.28,0.33
"Madagascar","MG",2011,506.163691559309,2.516,0.32
"Madagascar","MG",2012,493.511162904211,0.599,NA
"Madagascar","MG",2013,515.301589361832,0.995,0.32
"Madagascar","MG",2014,505.684922503435,1.385,0.32
"Madagascar","MG",2015,445.320069480568,1.785,NA
"Madagascar","MG",2016,453.970714522463,1.949,NA
"Madagascar","MG",2017,491.866848718929,2.123,NA
"Madagascar","MG",2018,500.45718552916,2.303,NA
"Madagascar","MG",2019,499.818837622534,2.479,NA
"Madagascar","MG",2020,450.771615205157,3.292,NA
"Madagascar","MG",2021,483.469463351195,3.498,NA
"Madagascar","MG",2022,504.059106969168,3.186,NA
"Madagascar","MG",2023,514.064076551927,3.044,NA
"Madagascar","MG",2024,550.37875528856,3.051,NA
"Madagascar","MG",2025,599.265294255357,3.041,NA
"Malawi","MW",2000,224.22415918428,5.045,NA
"Malawi","MW",2001,215.474524898357,5.221,NA
"Malawi","MW",2002,428.210439838398,5.248,NA
"Malawi","MW",2003,383.348596852642,5.165,NA
"Malawi","MW",2004,404.674248445428,4.964,NA
"Malawi","MW",2005,414.361121984475,4.935,NA
"Malawi","MW",2006,440.822149023873,4.954,NA
"Malawi","MW",2007,475.180261659331,4.876,1.1
"Malawi","MW",2008,554.048820396119,4.796,NA
"Malawi","MW",2009,625.869729869625,4.732,NA
"Malawi","MW",2010,683.124694716799,4.78,NA
"Malawi","MW",2011,763.061000394572,4.829,1.3
"Malawi","MW",2012,558.46208832772,4.949,NA
"Malawi","MW",2013,496.947368267313,4.978,NA
"Malawi","MW",2014,529.5133440206,4.967,NA
"Malawi","MW",2015,539.605363240686,4.953,NA
"Malawi","MW",2016,450.506105510719,5.011,NA
"Malawi","MW",2017,495.769683367165,5.046,NA
"Malawi","MW",2018,533.202567189331,5.021,NA
"Malawi","MW",2019,580.889139762475,4.964,NA
"Malawi","MW",2020,602.507478176106,5.72,NA
"Malawi","MW",2021,617.446994451007,5.652,NA
"Malawi","MW",2022,604.269740360317,5.02,NA
"Malawi","MW",2023,633.214767978695,5.009,NA
"Malawi","MW",2024,522.365366146003,5.051,NA
"Malawi","MW",2025,671.506847203876,5.072,NA
"Mali","ML",2000,304.652870189314,1.412,NA
"Mali","ML",2001,346.224554248587,1.332,NA
"Mali","ML",2002,378.191678628068,1.36,NA
"Mali","ML",2003,441.910358475171,1.272,NA
"Mali","ML",2004,495.006294675661,1.413,NA
"Mali","ML",2005,548.730382848879,1.367,NA
"Mali","ML",2006,586.985415512593,1.395,NA
"Mali","ML",2007,670.853394978069,1.372,NA
"Mali","ML",2008,767.194838946144,1.383,NA
"Mali","ML",2009,787.48256428259,1.406,0.2
"Mali","ML",2010,797.151541141189,1.375,0.25
"Mali","ML",2011,938.292902579598,1.403,0.24
"Mali","ML",2012,872.506092463946,1.462,0.22
"Mali","ML",2013,901.920957649814,1.517,0.22
"Mali","ML",2014,947.915033293219,1.476,0.25
"Mali","ML",2015,838.11986940103,1.404,0.25
"Mali","ML",2016,872.468587171653,1.367,0.23
"Mali","ML",2017,924.057531692284,1.498,0.22
"Mali","ML",2018,996.379292136901,1.62,0.25
"Mali","ML",2019,971.949318638092,3.29,NA
"Mali","ML",2020,953.242943290974,3.528,NA
"Mali","ML",2021,1027.27345365357,4.006,NA
"Mali","ML",2022,976.914116406452,2.387,NA
"Mali","ML",2023,1042.44223444837,2.947,NA
"Mali","ML",2024,1093.2523323649,2.924,NA
"Mali","ML",2025,1193.27601004701,2.831,NA
"Mauritania","MR",2000,680.911061879778,10.03,NA
"Mauritania","MR",2001,651.817840199777,10.132,NA
"Mauritania","MR",2002,648.879643934862,10.201,NA
"Mauritania","MR",2003,732.017820812675,9.911,NA
"Mauritania","MR",2004,823.554457141893,9.77,NA
"Mauritania","MR",2005,998.96583416747,9.59,NA
"Mauritania","MR",2006,1300.60367988659,9.313,0.4
"Mauritania","MR",2007,1405.15016203368,9.482,NA
"Mauritania","MR",2008,1635.5630623124,9.715,NA
"Mauritania","MR",2009,1435.43010811893,10.214,NA
"Mauritania","MR",2010,1659.96369705455,10.093,NA
"Mauritania","MR",2011,1931.19975525465,9.976,NA
"Mauritania","MR",2012,1859.11733247641,9.864,NA
"Mauritania","MR",2013,1936.26950446101,9.926,NA
"Mauritania","MR",2014,1718.97089374709,10.026,NA
"Mauritania","MR",2015,1558.84205473416,10.104,NA
"Mauritania","MR",2016,1568.00551190332,10.287,NA
"Mauritania","MR",2017,1617.93401542267,10.336,NA
"Mauritania","MR",2018,1723.37809442655,10.411,NA
"Mauritania","MR",2019,1767.072710621,10.416,NA
"Mauritania","MR",2020,1795.72437324423,11.051,NA
"Mauritania","MR",2021,1947.47413907209,11.131,NA
"Mauritania","MR",2022,1961.28166648869,10.52,NA
"Mauritania","MR",2023,2127.9576285973,10.37,NA
"Mauritania","MR",2024,2104.54260769051,10.257,NA
"Mauritania","MR",2025,2197.51046251309,10.319,NA
"Mauritius","MU",2000,3981.98343249582,9.125,3.76
"Mauritius","MU",2001,3908.55694927435,9.14,3.66
"Mauritius","MU",2002,4073.06053055903,8.205,3.54
"Mauritius","MU",2003,4858.26575549747,8.318,3.41
"Mauritius","MU",2004,5460.60800184198,8.337,3.41
"Mauritius","MU",2005,5354.02974260642,9.524,3.38
"Mauritius","MU",2006,5784.22491883026,9.04,3.4
"Mauritius","MU",2007,6677.37538616398,8.475,3.35
"Mauritius","MU",2008,8140.47983639243,7.17,3.34
"Mauritius","MU",2009,7426.86137313939,7.257,3.48
"Mauritius","MU",2010,8113.17670740212,7.654,3.4
"Mauritius","MU",2011,9324.24232310496,7.447,3.34
"Mauritius","MU",2012,9421.52514098225,7.472,3.46
"Mauritius","MU",2013,9877.13865958834,7.322,3.45
"Mauritius","MU",2014,10490.3315563853,7.467,3.43
"Mauritius","MU",2015,9630.5437837507,7.41,3.47
"Mauritius","MU",2016,10095.1225574156,6.814,3.51
"Mauritius","MU",2017,10986.7034093005,6.752,3.52
"Mauritius","MU",2018,11818.7480619272,6.426,3.56
"Mauritius","MU",2019,11568.2533399824,6.331,3.66
"Mauritius","MU",2020,9135.84773751062,8.626,3.68
"Mauritius","MU",2021,9177.71195973013,7.719,3.75
"Mauritius","MU",2022,10246.5017455553,6.322,3.77
"Mauritius","MU",2023,11269.9684462139,5.571,3.8
"Mauritius","MU",2024,11990.9355434317,5.548,NA
"Mauritius","MU",2025,12991.2935987166,5.635,NA
"Mozambique","MZ",2000,327.12623979157,2.832,NA
"Mozambique","MZ",2001,304.792138621913,2.838,NA
"Mozambique","MZ",2002,313.886661721198,2.902,NA
"Mozambique","MZ",2003,339.488737800648,2.857,NA
"Mozambique","MZ",2004,400.056973161545,2.953,NA
"Mozambique","MZ",2005,436.773856167384,3.035,NA
"Mozambique","MZ",2006,457.487647833183,3.037,0.85
"Mozambique","MZ",2007,507.874923914304,3.082,0.75
"Mozambique","MZ",2008,592.159111184122,3.112,0.79
"Mozambique","MZ",2009,547.697144193651,3.207,0.84
"Mozambique","MZ",2010,496.185839392659,3.259,0.85
"Mozambique","MZ",2011,618.17649286789,3.295,0.85
"Mozambique","MZ",2012,685.685748199513,3.304,0.86
"Mozambique","MZ",2013,686.505672517351,3.345,0.81
"Mozambique","MZ",2014,697.142680444123,3.377,0.81
"Mozambique","MZ",2015,610.563774706589,3.426,0.78
"Mozambique","MZ",2016,441.489734819071,3.65,0.79
"Mozambique","MZ",2017,470.93856305196,3.935,0.77
"Mozambique","MZ",2018,517.507260258101,4.21,0.77
"Mozambique","MZ",2019,519.09255091362,4.462,0.72
"Mozambique","MZ",2020,462.433876479921,5.019,0.71
"Mozambique","MZ",2021,509.907829475551,5.413,0.74
"Mozambique","MZ",2022,578.273222184503,6.789,NA
"Mozambique","MZ",2023,622.191133245967,6.661,NA
"Mozambique","MZ",2024,656.976148587772,6.668,NA
"Mozambique","MZ",2025,626.914419215727,6.628,NA
"Namibia","NA",2000,2156.67590512714,20.3,NA
"Namibia","NA",2001,1915.58926594875,21.009,NA
"Namibia","NA",2002,1772.07565537493,21.538,NA
"Namibia","NA",2003,2569.24739317883,22.104,NA
"Namibia","NA",2004,3403.15496192955,22.09,NA
"Namibia","NA",2005,3685.77299991587,22.108,NA
"Namibia","NA",2006,4017.1834716928,21.848,NA
"Namibia","NA",2007,4379.04313682732,22.12,NA
"Namibia","NA",2008,4204.78555422749,22.005,NA
"Namibia","NA",2009,4302.91374148376,22.271,2.7
"Namibia","NA",2010,5418.21633365814,22.12,NA
"Namibia","NA",2011,5834.7917675794,19.481,NA
"Namibia","NA",2012,5942.64680978673,16.771,NA
"Namibia","NA",2013,5346.62131149967,19.028,NA
"Namibia","NA",2014,5378.32326241205,18.521,NA
"Namibia","NA",2015,4774.10650865775,20.791,NA
"Namibia","NA",2016,4395.68776162376,23.352,NA
"Namibia","NA",2017,5143.96072323076,21.748,NA
"Namibia","NA",2018,5308.60813408705,19.877,NA
"Namibia","NA",2019,4731.9210318831,19.929,NA
"Namibia","NA",2020,3878.58982993966,21.003,NA
"Namibia","NA",2021,4412.8355693052,20.931,NA
"Namibia","NA",2022,4349.79908493314,19.615,NA
"Namibia","NA",2023,4225.99102418102,19.154,NA
"Namibia","NA",2024,4501.84849548225,19.157,NA
"Namibia","NA",2025,4875.92558158247,19.291,NA
"Niger","NE",2000,194.771959898935,1.427,NA
"Niger","NE",2001,205.417936120931,1.47,NA
"Niger","NE",2002,225.294391147438,1.808,NA
"Niger","NE",2003,265.225363452469,2.145,NA
"Niger","NE",2004,283.468281798296,2.751,NA
"Niger","NE",2005,318.643121918273,3.1,NA
"Niger","NE",2006,333.345078419447,2.528,NA
"Niger","NE",2007,387.168065883301,2.021,NA
"Niger","NE",2008,475.044955398162,1.584,NA
"Niger","NE",2009,461.131533961487,1.208,NA
"Niger","NE",2010,474.425692340831,0.718,NA
"Niger","NE",2011,510.75956176268,0.316,NA
"Niger","NE",2012,528.510104469655,2.177,0.44
"Niger","NE",2013,552.103334363117,1.401,0.32
"Niger","NE",2014,565.30989731175,0.524,0.29
"Niger","NE",2015,485.662574175279,0.556,0.26
"Niger","NE",2016,499.910520068193,0.55,0.3
"Niger","NE",2017,529.929418934868,0.556,0.18
"Niger","NE",2018,576.927536415462,0.536,0.24
"Niger","NE",2019,541.265819870273,0.531,0.29
"Niger","NE",2020,575.451340306915,0.591,0.28
"Niger","NE",2021,609.585703670137,0.806,NA
"Niger","NE",2022,613.614736429298,0.403,NA
"Niger","NE",2023,647.930108509567,0.407,NA
"Niger","NE",2024,729.856664168989,0.376,NA
"Niger","NE",2025,775.353622143879,0.394,NA
"Nigeria","NG",2000,547.318298903379,3.953,NA
"Nigeria","NG",2001,566.428231812933,3.9,NA
"Nigeria","NG",2002,712.164852077686,3.669,NA
"Nigeria","NG",2003,763.388745367223,3.637,NA
"Nigeria","NG",2004,962.48104194733,3.59,0.5
"Nigeria","NG",2005,1211.37703504386,3.727,NA
"Nigeria","NG",2006,1599.53891556365,3.749,NA
"Nigeria","NG",2007,1815.52697545827,3.794,NA
"Nigeria","NG",2008,2154.10543545364,3.792,NA
"Nigeria","NG",2009,1820.48633854782,3.763,NA
"Nigeria","NG",2010,2202.25672957344,3.744,NA
"Nigeria","NG",2011,2418.41316975875,3.77,NA
"Nigeria","NG",2012,2633.19734671361,3.761,NA
"Nigeria","NG",2013,2872.79083379398,3.711,NA
"Nigeria","NG",2014,3088.72131316169,3.9,NA
"Nigeria","NG",2015,2585.73360671797,4.134,NA
"Nigeria","NG",2016,2070.4127339595,4.499,NA
"Nigeria","NG",2017,1876.34027111773,4.83,NA
"Nigeria","NG",2018,2057.87944554011,5.069,NA
"Nigeria","NG",2019,3189.81286496183,5.206,NA
"Nigeria","NG",2020,2797.184580679,5.714,NA
"Nigeria","NG",2021,2787.48779220991,5.404,NA
"Nigeria","NG",2022,2899.16047469267,3.827,NA
"Nigeria","NG",2023,2138.76383718757,3.074,NA
"Nigeria","NG",2024,1084.16041805058,3.045,NA
"Nigeria","NG",2025,1224.25410237743,3.064,NA
"Rwanda","RW",2000,251.86926386091,11.699,NA
"Rwanda","RW",2001,237.308846200901,11.732,NA
"Rwanda","RW",2002,234.043016755733,11.432,NA
"Rwanda","RW",2003,249.012274982252,11.658,NA
"Rwanda","RW",2004,269.540446333402,11.699,NA
"Rwanda","RW",2005,324.016863847189,11.842,NA
"Rwanda","RW",2006,352.093916578347,11.586,NA
"Rwanda","RW",2007,420.733580702508,11.58,NA
"Rwanda","RW",2008,522.288339420679,11.517,0.6
"Rwanda","RW",2009,556.97399621739,11.625,0.75
"Rwanda","RW",2010,586.599950359877,11.637,0.74
"Rwanda","RW",2011,643.356138618166,11.756,0.72
"Rwanda","RW",2012,697.760143509565,11.671,0.71
"Rwanda","RW",2013,695.397140963607,11.768,0.77
"Rwanda","RW",2014,715.36808783393,11.837,0.71
"Rwanda","RW",2015,725.691418696952,11.831,0.74
"Rwanda","RW",2016,721.258515833094,11.788,0.73
"Rwanda","RW",2017,751.049039527547,11.875,0.72
"Rwanda","RW",2018,772.754982959354,10.759,0.73
"Rwanda","RW",2019,823.355304065304,11.236,0.73
"Rwanda","RW",2020,802.638686936204,11.829,0.74
"Rwanda","RW",2021,842.581492947672,15.775,0.74
"Rwanda","RW",2022,1007.05989322914,15.084,0.73
"Rwanda","RW",2023,1061.05788154076,12.352,0.75
"Rwanda","RW",2024,1059.93709298801,11.331,NA
"Rwanda","RW",2025,1123.73874633225,11.363,NA
"Sao Tome and Principe","ST",2000,529.089383412262,14.4,NA
"Sao Tome and Principe","ST",2001,518.88050130005,15.73,NA
"Sao Tome and Principe","ST",2002,568.10257252271,17.63,NA
"Sao Tome and Principe","ST",2003,663.696211810494,16.36,NA
"Sao Tome and Principe","ST",2004,726.560882130444,16.12,NA
"Sao Tome and Principe","ST",2005,844.169181884274,16.47,NA
"Sao Tome and Principe","ST",2006,861.970707697664,16.65,NA
"Sao Tome and Principe","ST",2007,878.885791918745,16.021,NA
"Sao Tome and Principe","ST",2008,1081.8684584729,15.421,NA
"Sao Tome and Principe","ST",2009,1128.28046213305,15.136,NA
"Sao Tome and Principe","ST",2010,1045.20958234528,14.628,NA
"Sao Tome and Principe","ST",2011,1219.80189089671,14.229,NA
"Sao Tome and Principe","ST",2012,1210.7926479817,13.59,NA
"Sao Tome and Principe","ST",2013,1382.5757842916,12.476,NA
"Sao Tome and Principe","ST",2014,1489.67633417608,11.428,NA
"Sao Tome and Principe","ST",2015,1298.10946596396,10.591,NA
"Sao Tome and Principe","ST",2016,1434.87018050521,9.684,NA
"Sao Tome and Principe","ST",2017,1555.79477812888,8.808,NA
"Sao Tome and Principe","ST",2018,1825.59971753966,8.712,NA
"Sao Tome and Principe","ST",2019,1935.2931816596,8.835,2.91
"Sao Tome and Principe","ST",2020,2167.22001796925,9.679,NA
"Sao Tome and Principe","ST",2021,2362.58827248102,9.563,NA
"Sao Tome and Principe","ST",2022,2389.73729784737,8.964,NA
"Sao Tome and Principe","ST",2023,2990.6606143535,9.032,NA
"Sao Tome and Principe","ST",2024,3502.6176807171,9.057,NA
"Sao Tome and Principe","ST",2025,4084.40062145233,9.132,NA
"Senegal","SN",2000,603.233162455158,2.638,NA
"Senegal","SN",2001,637.213530563724,2.674,NA
"Senegal","SN",2002,669.430447319209,2.82,NA
"Senegal","SN",2003,817.888034221442,2.781,NA
"Senegal","SN",2004,918.102079522155,2.775,NA
"Senegal","SN",2005,979.846101520171,2.679,NA
"Senegal","SN",2006,1017.20196747987,2.755,NA
"Senegal","SN",2007,1188.93877808175,2.8,NA
"Senegal","SN",2008,1398.79218010021,2.816,NA
"Senegal","SN",2009,1308.69404336205,2.807,NA
"Senegal","SN",2010,1275.88357492357,2.795,NA
"Senegal","SN",2011,1374.67591873844,2.853,NA
"Senegal","SN",2012,1326.83798848379,3.896,NA
"Senegal","SN",2013,1379.83196553924,5.012,NA
"Senegal","SN",2014,1398.89137601382,5.849,NA
"Senegal","SN",2015,1218.00613555438,6.757,0.68
"Senegal","SN",2016,1266.43957151587,4.455,0.72
"Senegal","SN",2017,1354.77007193387,4.078,NA
"Senegal","SN",2018,1452.55612562445,3.453,NA
"Senegal","SN",2019,1431.18128932159,2.863,0.71
"Senegal","SN",2020,1461.08720350553,3.432,NA
"Senegal","SN",2021,1598.10676952274,3.436,NA
"Senegal","SN",2022,1574.0281059306,2.837,NA
"Senegal","SN",2023,1698.03387300843,2.784,NA
"Senegal","SN",2024,1738.73223822106,2.788,NA
"Senegal","SN",2025,1954.71174194867,2.735,NA
"Seychelles","SC",2000,8063.65500575169,NA,NA
"Seychelles","SC",2001,8153.2986369879,NA,NA
"Seychelles","SC",2002,8864.16919495467,NA,NA
"Seychelles","SC",2003,9070.28460757013,NA,4.81
"Seychelles","SC",2004,10827.671636033,NA,4.72
"Seychelles","SC",2005,11802.1118276833,NA,4.58
"Seychelles","SC",2006,12782.9938926475,NA,4.61
"Seychelles","SC",2007,12669.3026687222,NA,4.38
"Seychelles","SC",2008,11265.4376270005,NA,3.68
"Seychelles","SC",2009,9747.09180546291,NA,3.51
"Seychelles","SC",2010,10934.79494629,NA,3.47
"Seychelles","SC",2011,12110.0937461973,NA,3.25
"Seychelles","SC",2012,12337.1554669388,NA,3.08
"Seychelles","SC",2013,14821.2921476077,NA,2.96
"Seychelles","SC",2014,15188.1902175113,NA,2.89
"Seychelles","SC",2015,15333.1051727105,NA,2.82
"Seychelles","SC",2016,16566.9946042294,NA,2.75
"Seychelles","SC",2017,17480.3651911372,NA,2.69
"Seychelles","SC",2018,18440.2340460932,NA,2.9
"Seychelles","SC",2019,19141.5118743615,NA,2.88
"Seychelles","SC",2020,14041.4754074575,NA,2.8
"Seychelles","SC",2021,14982.9111487767,NA,2.74
"Seychelles","SC",2022,16682.6990711785,NA,2.68
"Seychelles","SC",2023,18130.5297135548,NA,2.63
"Seychelles","SC",2024,18364.5259678223,NA,NA
"Seychelles","SC",2025,19449.3836346926,NA,NA
"Sierra Leone","SL",2000,143.743743239644,4.137,NA
"Sierra Leone","SL",2001,358.315716051546,4.235,NA
"Sierra Leone","SL",2002,388.995111216836,3.909,NA
"Sierra Leone","SL",2003,413.817607346927,3.879,NA
"Sierra Leone","SL",2004,417.749983329227,3.42,NA
"Sierra Leone","SL",2005,462.633324427945,3.734,NA
"Sierra Leone","SL",2006,580.26796974773,3.89,0.4
"Sierra Leone","SL",2007,631.889926264998,4.022,NA
"Sierra Leone","SL",2008,705.359014080005,4.132,NA
"Sierra Leone","SL",2009,652.845806767943,4.268,NA
"Sierra Leone","SL",2010,685.039673490948,4.34,NA
"Sierra Leone","SL",2011,761.146365577281,4.388,NA
"Sierra Leone","SL",2012,937.504428180231,4.378,NA
"Sierra Leone","SL",2013,1117.47183075115,4.376,NA
"Sierra Leone","SL",2014,1117.7586465721,4.678,NA
"Sierra Leone","SL",2015,964.575980888989,4.483,NA
"Sierra Leone","SL",2016,844.416411175476,4.182,NA
"Sierra Leone","SL",2017,779.186007841728,3.656,NA
"Sierra Leone","SL",2018,845.914540460932,3.192,NA
"Sierra Leone","SL",2019,843.71251730417,3.204,NA
"Sierra Leone","SL",2020,845.277558236182,3.509,NA
"Sierra Leone","SL",2021,885.396401613729,3.551,NA
"Sierra Leone","SL",2022,860.371067874555,3.137,NA
"Sierra Leone","SL",2023,758.329137301888,3.092,NA
"Sierra Leone","SL",2024,806.654650274255,3.103,NA
"Sierra Leone","SL",2025,846.296172499617,3.15,NA
"Somalia","SO",2000,386.119274401275,18.678,0.42
"Somalia","SO",2001,244.914842538455,18.665,0.42
"Somalia","SO",2002,229.598918310039,18.658,0.42
"Somalia","SO",2003,286.273025198975,18.648,0.42
"Somalia","SO",2004,375.410326225387,18.653,0.42
"Somalia","SO",2005,439.979907805478,18.671,NA
"Somalia","SO",2006,457.996662206659,18.705,NA
"Somalia","SO",2007,479.635628065289,18.687,NA
"Somalia","SO",2008,507.03744334738,18.714,NA
"Somalia","SO",2009,246.513251675105,18.724,NA
"Somalia","SO",2010,219.202453852397,18.741,NA
"Somalia","SO",2011,235.325945610434,18.761,0.87
"Somalia","SO",2012,350.261946720512,18.771,NA
"Somalia","SO",2013,393.398703952979,18.655,0.87
"Somalia","SO",2014,429.431656725102,18.595,0.87
"Somalia","SO",2015,445.583080073396,18.495,0.87
"Somalia","SO",2016,460.928490585175,18.611,0.87
"Somalia","SO",2017,510.939952317726,18.455,0.87
"Somalia","SO",2018,509.497273804534,18.7,0.87
"Somalia","SO",2019,539.954816211694,18.828,0.87
"Somalia","SO",2020,518.16113333875,19.414,NA
"Somalia","SO",2021,549.056994756254,19.662,NA
"Somalia","SO",2022,573.141165798229,19.112,NA
"Somalia","SO",2023,596.885985135589,18.96,NA
"Somalia","SO",2024,629.538899449007,18.949,NA
"Somalia","SO",2025,661.173877723116,18.948,NA
"South Africa","ZA",2000,3217.84693448467,22.788,NA
"South Africa","ZA",2001,2847.15191945908,22.652,NA
"South Africa","ZA",2002,2688.23676032806,22.579,2.99
"South Africa","ZA",2003,4062.21755993786,22.679,NA
"South Africa","ZA",2004,5221.46333731721,22.567,2.78
"South Africa","ZA",2005,5836.87663325127,22.472,NA
"South Africa","ZA",2006,6077.38293388876,22.304,NA
"South Africa","ZA",2007,6591.85535960564,22.26,2.34
"South Africa","ZA",2008,6184.75474328399,22.407,2.32
"South Africa","ZA",2009,6374.70560042992,23.523,NA
"South Africa","ZA",2010,7973.47195771517,24.683,2.25
"South Africa","ZA",2011,8646.05571071635,24.639,NA
"South Africa","ZA",2012,8076.97678479741,24.727,NA
"South Africa","ZA",2013,7331.65467384919,24.561,NA
"South Africa","ZA",2014,6856.73137092522,24.89,NA
"South Africa","ZA",2015,6112.27382485974,25.149,NA
"South Africa","ZA",2016,5651.20585165749,26.536,NA
"South Africa","ZA",2017,6618.33508255701,27.035,NA
"South Africa","ZA",2018,6914.1780318076,26.906,NA
"South Africa","ZA",2019,6533.71121032856,28.468,NA
"South Africa","ZA",2020,5580.60383075189,29.217,NA
"South Africa","ZA",2021,6828.75624590017,34.007,NA
"South Africa","ZA",2022,6534.24867783397,33.268,NA
"South Africa","ZA",2023,6034.27208964673,32.098,NA
"South Africa","ZA",2024,6267.186814093,32.279,NA
"South Africa","ZA",2025,6597.71450918774,32.391,NA
"South Sudan","SS",2000,NA,12.309,NA
"South Sudan","SS",2001,NA,12.278,NA
"South Sudan","SS",2002,NA,12.235,NA
"South Sudan","SS",2003,NA,12.234,NA
"South Sudan","SS",2004,NA,12.256,NA
"South Sudan","SS",2005,NA,12.266,NA
"South Sudan","SS",2006,NA,12.268,NA
"South Sudan","SS",2007,NA,12.266,NA
"South Sudan","SS",2008,1654.21153546555,12.298,NA
"South Sudan","SS",2009,1323.22068747862,12.438,NA
"South Sudan","SS",2010,1498.27034985194,12.473,NA
"South Sudan","SS",2011,1448.98435006408,12.585,NA
"South Sudan","SS",2012,1109.26050083408,12.803,NA
"South Sudan","SS",2013,1650.18943353528,12.665,NA
"South Sudan","SS",2014,1242.73450181032,12.561,NA
"South Sudan","SS",2015,1080.14718624765,12.464,NA
"South Sudan","SS",2016,NA,12.854,NA
"South Sudan","SS",2017,NA,12.983,NA
"South Sudan","SS",2018,NA,12.853,NA
"South Sudan","SS",2019,NA,12.656,NA
"South Sudan","SS",2020,NA,14.246,NA
"South Sudan","SS",2021,NA,13.95,NA
"South Sudan","SS",2022,NA,12.475,NA
"South Sudan","SS",2023,NA,12.374,NA
"South Sudan","SS",2024,NA,NA,NA
"South Sudan","SS",2025,NA,NA,NA
"Sudan","SD",2000,362.116882324219,15.595,0.81
"Sudan","SD",2001,451.293304443359,15.56,0.74
"Sudan","SD",2002,506.262634277344,15.514,0.73
"Sudan","SD",2003,580.320251464844,15.515,0.73
"Sudan","SD",2004,705.113342285156,15.538,0.71
"Sudan","SD",2005,905.543640136719,15.545,0.72
"Sudan","SD",2006,1132.474609375,15.542,0.73
"Sudan","SD",2007,1444.37219238281,15.534,0.73
"Sudan","SD",2008,1527.58239746094,15.566,0.73
"Sudan","SD",2009,1178.22180175781,13,0.73
"Sudan","SD",2010,1305.63598632813,15.168,0.72
"Sudan","SD",2011,1332.6572265625,17.44,0.84
"Sudan","SD",2012,1019.22210693359,16.973,0.82
"Sudan","SD",2013,1138.62780761719,16.273,0.82
"Sudan","SD",2014,1275.43835449219,15.41,0.8
"Sudan","SD",2015,1292.37963867188,14.39,0.67
"Sudan","SD",2016,1033.21594238281,13.656,0.67
"Sudan","SD",2017,966.505676269531,13,0.74
"Sudan","SD",2018,731.027465820313,12.347,0.66
"Sudan","SD",2019,709.975280761719,11.697,0.66
"Sudan","SD",2020,577.795227050781,11.995,0.66
"Sudan","SD",2021,712.122009277344,11.087,0.66
"Sudan","SD",2022,1046.24084472656,7.53,NA
"Sudan","SD",2023,797.283447265625,NA,NA
"Sudan","SD",2024,984.607666015625,NA,NA
"Sudan","SD",2025,1164.53991699219,NA,NA
"United Republic of Tanzania","TZ",2000,401.698150634766,3.129,NA
"United Republic of Tanzania","TZ",2001,396.638732910156,2.994,NA
"United Republic of Tanzania","TZ",2002,402.649047851563,3.023,NA
"United Republic of Tanzania","TZ",2003,422.18359375,3.053,NA
"United Republic of Tanzania","TZ",2004,450.385284423828,3.105,NA
"United Republic of Tanzania","TZ",2005,483.334869384766,3.193,NA
"United Republic of Tanzania","TZ",2006,475.746734619141,3.299,NA
"United Republic of Tanzania","TZ",2007,543.198303222656,3.023,NA
"United Republic of Tanzania","TZ",2008,675.977233886719,2.775,NA
"United Republic of Tanzania","TZ",2009,693.823547363281,2.5,0.63
"United Republic of Tanzania","TZ",2010,736.530151367188,3.03,0.74
"United Republic of Tanzania","TZ",2011,775.392761230469,3.47,0.76
"United Republic of Tanzania","TZ",2012,861.969909667969,3.223,NA
"United Republic of Tanzania","TZ",2013,963.05712890625,2.93,1.01
"United Republic of Tanzania","TZ",2014,1022.74841308594,2.125,0.68
"United Republic of Tanzania","TZ",2015,939.127319335938,2.009,NA
"United Republic of Tanzania","TZ",2016,953.0107421875,1.931,0.46
"United Republic of Tanzania","TZ",2017,986.674011230469,1.854,NA
"United Republic of Tanzania","TZ",2018,1023.10626220703,1.792,0.44
"United Republic of Tanzania","TZ",2019,1063.32250976563,1.735,0.62
"United Republic of Tanzania","TZ",2020,1117.41528320313,1.792,0.64
"United Republic of Tanzania","TZ",2021,1159.85656738281,1.876,0.64
"United Republic of Tanzania","TZ",2022,1207.52062988281,1.573,0.84
"United Republic of Tanzania","TZ",2023,1224.00219726563,1.565,NA
"United Republic of Tanzania","TZ",2024,1192.60668945313,1.557,NA
"United Republic of Tanzania","TZ",2025,1318.81921386719,1.572,NA
"Togo","TG",2000,440.420399069497,4.162,NA
"Togo","TG",2001,426.883605884489,4.108,NA
"Togo","TG",2002,479.438373869587,4.087,0.92
"Togo","TG",2003,579.728195854724,3.957,0.81
"Togo","TG",2004,604.311329116751,3.992,0.78
"Togo","TG",2005,595.200212014134,4.149,0.7
"Togo","TG",2006,596.249203137762,4.229,0.84
"Togo","TG",2007,654.083697666439,3.822,0.64
"Togo","TG",2008,771.351190404751,3.279,0.62
"Togo","TG",2009,770.172869777254,2.847,0.63
"Togo","TG",2010,750.323421086121,2.379,0.57
"Togo","TG",2011,834.14671980279,1.982,0.56
"Togo","TG",2012,813.611525037432,2.029,0.63
"Togo","TG",2013,885.698522723929,2.084,0.62
"Togo","TG",2014,921.539748631461,2.141,0.61
"Togo","TG",2015,813.894676975085,2.204,0.64
"Togo","TG",2016,843.114204338675,2.968,0.65
"Togo","TG",2017,872.076408845752,3.744,0.64
"Togo","TG",2018,942.480774393154,2.9,0.63
"Togo","TG",2019,917.718016777619,2.036,0.56
"Togo","TG",2020,961.219781201934,2.231,0.37
"Togo","TG",2021,1076.29520076949,2.344,0.41
"Togo","TG",2022,1071.61539220759,1.965,0.33
"Togo","TG",2023,1182.32951436696,1.942,NA
"Togo","TG",2024,1266.08777721447,1.948,NA
"Togo","TG",2025,1383.89974929887,1.995,NA
"Uganda","UG",2000,258.050338731086,3.531,NA
"Uganda","UG",2001,236.021188853993,3.522,NA
"Uganda","UG",2002,241.984688408335,3.5,NA
"Uganda","UG",2003,250.71543664681,3.6,NA
"Uganda","UG",2004,292.38185796262,2.699,NA
"Uganda","UG",2005,330.405402707025,1.9,NA
"Uganda","UG",2006,346.518255310647,2.264,NA
"Uganda","UG",2007,401.389130865581,2.667,NA
"Uganda","UG",2008,472.842681495852,3.035,NA
"Uganda","UG",2009,798.947089938247,3.6,0.4
"Uganda","UG",2010,823.488144282,3.623,0.5
"Uganda","UG",2011,835.620060555838,3.523,NA
"Uganda","UG",2012,795.222867553127,3.551,NA
"Uganda","UG",2013,818.285427416713,1.91,NA
"Uganda","UG",2014,896.054795546394,2.357,NA
"Uganda","UG",2015,862.934610355811,2.681,NA
"Uganda","UG",2016,752.696571725656,3.002,NA
"Uganda","UG",2017,765.218332297361,3.428,NA
"Uganda","UG",2018,792.16570022814,3.249,NA
"Uganda","UG",2019,822.171150036357,3.057,NA
"Uganda","UG",2020,845.766463890124,3.819,NA
"Uganda","UG",2021,882.791717542504,3.416,NA
"Uganda","UG",2022,963.067314117178,2.885,NA
"Uganda","UG",2023,1002.30913917142,2.754,NA
"Uganda","UG",2024,1077.91278438613,2.74,NA
"Uganda","UG",2025,1206.30450825002,2.746,NA
"Zambia","ZM",2000,359.429500988221,12.93,NA
"Zambia","ZM",2001,396.548952993504,13.404,NA
"Zambia","ZM",2002,393.864625518616,14.131,NA
"Zambia","ZM",2003,446.290104839041,14.704,NA
"Zambia","ZM",2004,548.685974566277,15.332,NA
"Zambia","ZM",2005,710.982068171696,15.9,NA
"Zambia","ZM",2006,1051.71714895686,13.229,NA
"Zambia","ZM",2007,1118.73162626953,10.559,NA
"Zambia","ZM",2008,1375.50211006997,7.93,1.9
"Zambia","ZM",2009,1136.24168316848,10.583,NA
"Zambia","ZM",2010,1451.10616017155,13.19,2
"Zambia","ZM",2011,1624.86817763443,10.548,NA
"Zambia","ZM",2012,1710.05061343728,7.85,NA
"Zambia","ZM",2013,1820.71854827391,7.272,NA
"Zambia","ZM",2014,1707.48573136694,6.576,NA
"Zambia","ZM",2015,1295.87788680068,5.951,NA
"Zambia","ZM",2016,1239.08527877713,5.244,NA
"Zambia","ZM",2017,1483.46577328065,4.529,NA
"Zambia","ZM",2018,1463.89997855593,5.032,NA
"Zambia","ZM",2019,1258.98619844462,5.538,NA
"Zambia","ZM",2020,951.644316655957,6.032,NA
"Zambia","ZM",2021,1127.16077872857,5.197,NA
"Zambia","ZM",2022,1447.12310138035,5.993,NA
"Zambia","ZM",2023,1330.72780576709,5.861,NA
"Zambia","ZM",2024,1187.10943350064,5.898,NA
"Zambia","ZM",2025,1317.87771619597,5.918,NA
"Zimbabwe","ZW",2000,562.833757496076,5.685,NA
"Zimbabwe","ZW",2001,566.388746448872,5.313,NA
"Zimbabwe","ZW",2002,524.936478570323,5.005,NA
"Zimbabwe","ZW",2003,468.471932927213,4.738,NA
"Zimbabwe","ZW",2004,469.719298949304,4.39,NA
"Zimbabwe","ZW",2005,461.271387547912,4.632,NA
"Zimbabwe","ZW",2006,431.034994414964,4.767,NA
"Zimbabwe","ZW",2007,413.521244592925,5.008,NA
"Zimbabwe","ZW",2008,340.917447588572,5.401,NA
"Zimbabwe","ZW",2009,735.821693871697,5.476,1.81
"Zimbabwe","ZW",2010,902.010759067388,5.469,1.78
"Zimbabwe","ZW",2011,1037.77565157218,5.368,1.75
"Zimbabwe","ZW",2012,1239.22709745709,5.057,1.86
"Zimbabwe","ZW",2013,1362.99498323368,4.948,NA
"Zimbabwe","ZW",2014,1372.91526173161,4.774,1.95
"Zimbabwe","ZW",2015,1387.12632595026,5.399,NA
"Zimbabwe","ZW",2016,1408.13945253431,5.896,NA
"Zimbabwe","ZW",2017,3445.44941020134,6.35,NA
"Zimbabwe","ZW",2018,2270.89531874302,6.788,NA
"Zimbabwe","ZW",2019,2184.52155388801,7.373,NA
"Zimbabwe","ZW",2020,2059.63704025274,8.617,NA
"Zimbabwe","ZW",2021,2613.6167414057,9.54,NA
"Zimbabwe","ZW",2022,2536.40197087505,10.087,NA
"Zimbabwe","ZW",2023,2195.22502010174,9.348,NA
"Zimbabwe","ZW",2024,2496.15514995576,9.435,NA
"Zimbabwe","ZW",2025,3021.43019873632,9.293,NA
